"last_name, first_name",player_id,year,p_game,p_formatted_ip,ab,bb_percent,p_save,p_era,p_hold,meatball_percent,whiff_percent,last_name,first_name,bb_percent_std,meatball_percent_std,whiff_percent_std,command_score,pitching_score,IP_per_Game,player_name,player_name_standard
"Rolison, Ryan",669020,2026,20,24.0,82,12.5,0,2.25,0,8.8,20.7,Rolison,Ryan,0.88,1.2,-0.87,-1.56,-1.7,1.2,Ryan Rolison,ryan rolison
"Bednar, David",670280,2026,27,27.2,109,9.8,13,3.9,0,6.2,29.9,Bednar,David,0.09,-0.7,0.85,0.46,0.92,1.0,David Bednar,david bednar
"King, Michael",650633,2026,14,80.2,286,9.8,0,3.46,0,6.8,26.8,King,Michael,0.09,-0.26,0.27,0.13,0.28,5.7,Michael King,michael king
"Suárez, Albert",544150,2026,11,26.2,103,10.3,1,4.05,0,4.8,23.7,Suárez,Albert,0.23,-1.72,-0.31,1.12,0.57,2.4,Albert Suárez,albert suarez
"Jump, Gage",695611,2026,4,23.1,84,6.4,0,3.09,0,7.8,24.2,Jump,Gage,-0.91,0.47,-0.22,0.33,0.08,5.8,Gage Jump,gage jump
"Bird, Jake",656234,2026,25,20.0,78,7.8,0,4.95,7,9.6,31.3,Bird,Jake,-0.5,1.78,1.12,-0.97,0.1,0.8,Jake Bird,jake bird
"Roupp, Landen",694738,2026,14,74.1,276,10.2,0,4.24,0,5.2,26.2,Roupp,Landen,0.2,-1.43,0.16,0.93,0.76,5.3,Landen Roupp,landen roupp
"Faucher, Calvin",676534,2026,28,27.2,102,17.5,1,3.58,6,7.9,26.6,Faucher,Calvin,2.34,0.54,0.23,-2.17,-1.35,1.0,Calvin Faucher,calvin faucher
"Warren, Will",701542,2026,13,68.2,264,7.2,0,3.41,0,8.5,23.3,Warren,Will,-0.67,0.98,-0.38,-0.23,-0.43,5.2,Will Warren,will warren
"Walker, Ryan",676254,2026,17,16.1,64,13.2,3,6.06,2,8.0,16.7,Walker,Ryan,1.08,0.61,-1.62,-1.28,-2.02,0.9,Ryan Walker,ryan walker
"Marinaccio, Ron",676760,2026,23,35.2,135,6.8,0,4.04,1,6.6,27.3,Marinaccio,Ron,-0.79,-0.41,0.37,0.9,0.89,1.5,Ron Marinaccio,ron marinaccio
"Kelly, Kevin",687330,2026,29,29.2,102,5.5,2,2.43,14,10.2,18.3,Kelly,Kevin,-1.17,2.22,-1.32,-0.79,-1.47,1.0,Kevin Kelly,kevin kelly
"Sands, Cole",663485,2026,12,11.2,44,8.0,1,4.63,3,6.1,24.4,Sands,Cole,-0.44,-0.78,-0.18,0.91,0.51,0.9,Cole Sands,cole sands
"Cecconi, Slade",677944,2026,14,72.2,285,7.3,0,4.83,0,7.0,21.7,Cecconi,Slade,-0.64,-0.12,-0.68,0.57,-0.08,5.2,Slade Cecconi,slade cecconi
"Miles, Spencer",693686,2026,18,42.1,157,7.6,0,3.4,1,8.0,21.0,Miles,Spencer,-0.56,0.61,-0.82,-0.04,-0.6,2.3,Spencer Miles,spencer miles
"Messick, Parker",800048,2026,14,80.2,291,7.8,0,2.68,0,7.8,27.1,Messick,Parker,-0.5,0.47,0.33,0.02,0.25,5.7,Parker Messick,parker messick
"Parker, Mitchell",680730,2026,17,32.0,128,5.7,1,5.91,4,7.2,27.8,Parker,Mitchell,-1.11,0.03,0.46,0.82,0.89,1.9,Mitchell Parker,mitchell parker
"Kay, Anthony",641743,2026,14,66.1,256,9.0,0,4.34,0,6.0,21.9,Kay,Anthony,-0.15,-0.85,-0.65,0.75,0.07,4.7,Anthony Kay,anthony kay
"Alvarado, Elvis",665660,2026,13,14.0,52,11.9,1,5.79,4,5.8,33.8,Alvarado,Elvis,0.7,-0.99,1.58,0.22,1.26,1.1,Elvis Alvarado,elvis alvarado
"Morgan, David",688158,2026,14,18.1,72,13.6,0,4.42,0,7.9,32.9,Morgan,David,1.2,0.54,1.42,-1.31,0.07,1.3,David Morgan,david morgan
"Crochet, Garrett",676979,2026,6,30.0,122,8.0,0,6.3,0,6.8,24.0,Crochet,Garrett,-0.44,-0.26,-0.25,0.53,0.19,5.0,Garrett Crochet,garrett crochet
"Hill, Jaden",677955,2026,27,23.1,93,12.8,0,5.01,11,6.5,29.7,Hill,Jaden,0.96,-0.48,0.82,-0.36,0.32,0.9,Jaden Hill,jaden hill
"Kuhnel, Joel",669270,2026,27,28.1,108,5.9,4,4.45,4,8.3,23.6,Kuhnel,Joel,-1.05,0.83,-0.33,0.17,-0.11,1.0,Joel Kuhnel,joel kuhnel
"Brown, Hunter",686613,2026,2,10.2,37,14.0,0,0.84,0,8.9,26.0,Brown,Hunter,1.32,1.27,0.12,-1.95,-1.27,5.1,Hunter Brown,hunter brown
"Banda, Anthony",607455,2026,33,29.2,111,9.9,1,4.55,9,5.5,26.3,Banda,Anthony,0.12,-1.21,0.18,0.83,0.7,0.9,Anthony Banda,anthony banda
"Cantillo, Joey",676282,2026,14,67.0,251,12.4,0,4.57,0,6.4,26.8,Cantillo,Joey,0.85,-0.56,0.27,-0.22,0.04,4.8,Joey Cantillo,joey cantillo
"Irvin, Jake",663623,2026,11,51.2,199,9.6,0,5.23,0,8.3,25.7,Irvin,Jake,0.03,0.83,0.07,-0.65,-0.41,4.7,Jake Irvin,jake irvin
"Miller, Mason",695243,2026,28,28.2,97,10.9,18,0.94,0,7.1,49.8,Miller,Mason,0.41,-0.04,4.58,-0.27,3.01,1.0,Mason Miller,mason miller
"Hoffman, Jeff",656546,2026,32,29.1,122,8.0,5,5.83,7,6.9,41.4,Hoffman,Jeff,-0.44,-0.19,3.01,0.47,2.43,0.9,Jeff Hoffman,jeff hoffman
"Fermin, José",820862,2026,16,15.0,56,18.3,0,5.4,3,6.0,32.7,Fermin,José,2.57,-0.85,1.38,-1.3,0.06,0.9,José Fermin,jose fermin
"Borucki, Ryan",621366,2026,21,23.2,92,8.7,0,4.94,1,7.1,28.2,Borucki,Ryan,-0.23,-0.04,0.53,0.21,0.52,1.1,Ryan Borucki,ryan borucki
"Weathers, Ryan",677960,2026,13,74.1,282,6.9,0,4.36,0,5.4,26.5,Weathers,Ryan,-0.76,-1.29,0.22,1.54,1.23,5.7,Ryan Weathers,ryan weathers
"Rogers, Taylor",573124,2026,31,27.0,107,7.6,2,5.33,7,6.9,17.5,Rogers,Taylor,-0.56,-0.19,-1.47,0.56,-0.63,0.9,Taylor Rogers,taylor rogers
"Boyd, Matthew",571510,2026,5,24.0,94,6.0,0,6.0,0,4.9,31.2,Boyd,Matthew,-1.02,-1.65,1.1,2.02,2.17,4.8,Matthew Boyd,matthew boyd
"Kikuchi, Yusei",579328,2026,7,31.0,124,9.9,0,5.81,0,7.9,25.9,Kikuchi,Yusei,0.12,0.54,0.1,-0.49,-0.27,4.4,Yusei Kikuchi,yusei kikuchi
"Nunez, Anthony",689296,2026,31,33.1,128,9.0,3,5.13,6,5.7,35.6,Nunez,Anthony,-0.15,-1.07,1.92,0.91,1.98,1.1,Anthony Nunez,anthony nunez
"López, Reynaldo",625643,2026,15,37.2,146,10.8,0,4.06,1,7.6,20.1,López,Reynaldo,0.38,0.32,-0.98,-0.53,-1.05,2.5,Reynaldo López,reynaldo lopez
"Crow, Coleman",689441,2026,5,18.2,76,7.1,0,5.3,0,8.8,16.3,Crow,Coleman,-0.7,1.2,-1.7,-0.37,-1.44,3.6,Coleman Crow,coleman crow
"McDonald, Trevor",686790,2026,7,39.0,147,7.3,0,4.15,0,8.2,26.1,McDonald,Trevor,-0.64,0.76,0.14,-0.09,0.04,5.6,Trevor McDonald,trevor mcdonald
"Anderson, Grant",681982,2026,27,29.1,99,9.2,0,2.76,5,8.5,21.7,Anderson,Grant,-0.09,0.98,-0.68,-0.67,-0.94,1.1,Grant Anderson,grant anderson
"Gage, Matt",657424,2026,29,24.0,86,12.7,1,2.63,5,7.7,24.1,Gage,Matt,0.94,0.39,-0.23,-1.0,-0.86,0.8,Matt Gage,matt gage
"Treinen, Blake",595014,2026,27,21.0,81,10.8,1,3.86,6,6.5,25.3,Treinen,Blake,0.38,-0.48,-0.01,0.08,0.05,0.8,Blake Treinen,blake treinen
"Suarez, José",660761,2026,21,33.0,135,10.8,1,5.73,1,7.3,27.2,Suarez,José,0.38,0.1,0.35,-0.36,-0.01,1.6,José Suarez,jose suarez
"Suarez, Robert",663158,2026,29,29.2,105,4.5,4,0.61,10,6.4,25.6,Suarez,Robert,-1.46,-0.56,0.05,1.52,1.09,1.0,Robert Suarez,robert suarez
"Svanson, Matt",694335,2026,26,28.2,119,11.1,0,7.85,1,8.1,19.7,Svanson,Matt,0.47,0.69,-1.06,-0.87,-1.35,1.1,Matt Svanson,matt svanson
"Sulser, Cole",642121,2026,23,25.2,103,9.4,2,5.26,4,5.8,24.3,Sulser,Cole,-0.03,-0.99,-0.2,0.77,0.4,1.1,Cole Sulser,cole sulser
"Bigge, Hunter",685801,2026,18,19.1,70,16.5,0,6.98,5,4.7,25.9,Bigge,Hunter,2.05,-1.8,0.1,-0.19,-0.06,1.1,Hunter Bigge,hunter bigge
"Kirby, George",669923,2026,14,84.0,326,6.0,0,4.07,0,7.6,21.3,Kirby,George,-1.02,0.32,-0.76,0.53,-0.16,6.0,George Kirby,george kirby
"Pivetta, Nick",601713,2026,4,16.0,60,9.1,0,4.5,0,5.3,26.1,Pivetta,Nick,-0.12,-1.36,0.14,1.11,0.87,4.0,Nick Pivetta,nick pivetta
"Myers, Tobias",668964,2026,20,33.1,126,5.2,1,4.05,3,10.7,18.6,Myers,Tobias,-1.26,2.59,-1.27,-1.0,-1.58,1.7,Tobias Myers,tobias myers
"Kochanowicz, Jack",686799,2026,13,64.0,251,12.2,0,6.19,0,7.1,23.6,Kochanowicz,Jack,0.79,-0.04,-0.33,-0.56,-0.62,4.9,Jack Kochanowicz,jack kochanowicz
"Loáisiga, Jonathan",642528,2026,29,26.0,93,6.6,1,3.12,4,8.5,21.6,Loáisiga,Jonathan,-0.85,0.98,-0.7,-0.1,-0.56,0.9,Jonathan Loáisiga,jonathan loaisiga
"Ryan, Joe",657746,2026,15,82.1,309,4.8,0,3.17,0,7.9,25.2,Ryan,Joe,-1.38,0.54,-0.03,0.63,0.42,5.5,Joe Ryan,joe ryan
"Holmes, Clay",605280,2026,9,52.2,194,8.4,0,2.39,0,7.2,21.9,Holmes,Clay,-0.32,0.03,-0.65,0.22,-0.3,5.8,Clay Holmes,clay holmes
"Moll, Sam",594580,2026,32,28.0,100,11.6,1,2.89,2,8.2,25.4,Moll,Sam,0.61,0.76,0.01,-1.03,-0.71,0.9,Sam Moll,sam moll
"Márquez, Germán",608566,2026,6,29.2,114,9.4,0,5.76,0,8.6,19.5,Márquez,Germán,-0.03,1.05,-1.1,-0.77,-1.3,4.9,Germán Márquez,german marquez
"Beeks, Jalen",656222,2026,29,26.0,103,7.1,0,3.81,6,7.6,23.4,Beeks,Jalen,-0.7,0.32,-0.37,0.29,-0.05,0.9,Jalen Beeks,jalen beeks
"Gordon, Tanner",685299,2026,9,35.1,146,5.1,0,6.37,0,5.9,25.2,Gordon,Tanner,-1.29,-0.92,-0.03,1.66,1.14,3.9,Tanner Gordon,tanner gordon
"Orze, Eric",679358,2026,28,32.0,123,11.0,1,5.06,6,6.2,23.1,Orze,Eric,0.44,-0.7,-0.42,0.2,-0.16,1.1,Eric Orze,eric orze
"Gausman, Kevin",592332,2026,14,80.0,304,4.3,0,3.6,0,6.9,27.0,Gausman,Kevin,-1.52,-0.19,0.31,1.29,1.12,5.7,Kevin Gausman,kevin gausman
"Gasser, Robert",688107,2026,4,18.1,75,10.3,0,6.38,0,7.8,26.4,Gasser,Robert,0.23,0.47,0.2,-0.53,-0.23,4.5,Robert Gasser,robert gasser
"Pallette, Peyton",688883,2026,16,20.2,78,16.5,0,5.23,1,6.3,28.4,Pallette,Peyton,2.05,-0.63,0.57,-1.07,-0.35,1.3,Peyton Pallette,peyton pallette
"Vesia, Alex",681911,2026,30,22.1,79,13.2,2,2.82,10,4.9,35.2,Vesia,Alex,1.08,-1.65,1.85,0.43,1.59,0.7,Alex Vesia,alex vesia
"Rodriguez, Eduardo",593958,2026,14,81.1,304,9.5,0,2.55,0,5.8,18.8,Rodriguez,Eduardo,-0.0,-0.99,-1.23,0.75,-0.33,5.8,Eduardo Rodriguez,eduardo rodriguez
"Fuentes, Didier",800311,2026,19,27.0,97,8.2,1,2.33,4,9.2,26.8,Fuentes,Didier,-0.38,1.49,0.27,-0.84,-0.39,1.4,Didier Fuentes,didier fuentes
"Bello, Brayan",678394,2026,12,61.0,252,8.5,0,6.34,0,7.5,24.5,Bello,Brayan,-0.29,0.25,-0.16,0.03,-0.09,5.1,Brayan Bello,brayan bello
"Collyer, Gavin",686560,2026,18,17.0,57,18.4,0,3.71,0,6.7,25.2,Collyer,Gavin,2.6,-0.34,-0.03,-1.71,-1.21,0.9,Gavin Collyer,gavin collyer
"Thornton, Trent",663423,2026,13,18.0,61,10.1,0,2.0,0,6.5,21.9,Thornton,Trent,0.17,-0.48,-0.65,0.23,-0.29,1.4,Trent Thornton,trent thornton
"Peguero, Joel",666711,2026,11,11.1,42,8.3,0,2.38,1,8.9,18.1,Peguero,Joel,-0.35,1.27,-1.36,-0.69,-1.43,1.0,Joel Peguero,joel peguero
"Morris, Andrew",702193,2026,21,30.0,125,7.9,2,5.1,8,7.4,23.5,Morris,Andrew,-0.47,0.17,-0.35,0.22,-0.09,1.4,Andrew Morris,andrew morris
"Silseth, Chase",681217,2026,30,24.2,89,14.0,0,1.82,6,5.9,33.7,Silseth,Chase,1.32,-0.92,1.57,-0.3,0.89,0.8,Chase Silseth,chase silseth
"Martin, Chris",455119,2026,12,10.1,46,4.1,0,7.84,1,11.8,18.8,Martin,Chris,-1.58,3.39,-1.23,-1.36,-1.81,0.8,Chris Martin,chris martin
"Sterner, Justin",686993,2026,33,32.0,118,5.5,1,3.38,11,6.7,30.3,Sterner,Justin,-1.17,-0.34,0.93,1.14,1.44,1.0,Justin Sterner,justin sterner
"Lorenzen, Michael",547179,2026,15,65.2,289,7.5,0,7.54,0,6.8,20.8,Lorenzen,Michael,-0.59,-0.26,-0.85,0.64,-0.15,4.3,Michael Lorenzen,michael lorenzen
"Detmers, Reid",672282,2026,14,81.0,297,7.3,0,4.0,0,8.2,29.4,Detmers,Reid,-0.64,0.76,0.76,-0.09,0.47,5.8,Reid Detmers,reid detmers
"Burke, Sean",680732,2026,13,69.2,262,7.9,0,3.88,0,6.7,21.4,Burke,Sean,-0.47,-0.34,-0.74,0.61,-0.09,5.3,Sean Burke,sean burke
"Bolton, Cody",675989,2026,8,20.0,78,14.7,1,5.4,0,6.6,19.6,Bolton,Cody,1.52,-0.41,-1.08,-0.84,-1.34,2.5,Cody Bolton,cody bolton
"Civale, Aaron",650644,2026,11,55.2,224,6.9,0,4.2,0,7.1,18.7,Civale,Aaron,-0.76,-0.04,-1.25,0.61,-0.45,5.0,Aaron Civale,aaron civale
"Imanaga, Shota",684007,2026,14,81.0,302,6.4,0,4.44,0,5.9,30.9,Imanaga,Shota,-0.91,-0.92,1.04,1.38,1.69,5.8,Shota Imanaga,shota imanaga
"Henriquez, Edgardo",683618,2026,25,26.1,95,8.4,0,3.42,4,7.2,25.6,Henriquez,Edgardo,-0.32,0.03,0.05,0.22,0.19,1.0,Edgardo Henriquez,edgardo henriquez
"Ray, Robbie",592662,2026,14,73.1,271,11.5,0,4.42,0,6.2,24.9,Ray,Robbie,0.58,-0.7,-0.08,0.09,0.0,5.2,Robbie Ray,robbie ray
"Garcia, Rico",670329,2026,31,28.2,95,8.7,4,1.26,9,6.9,37.0,Garcia,Rico,-0.23,-0.19,2.18,0.32,1.75,0.9,Rico Garcia,rico garcia
"Leiter Jr., Mark",643410,2026,30,27.2,108,8.3,4,5.2,4,6.3,28.3,Leiter Jr.,Mark,-0.35,-0.63,0.55,0.74,0.9,0.9,Mark Leiter Jr.,mark leiter
"Mejia, Juan",675848,2026,28,30.1,121,12.6,3,6.23,4,7.3,28.9,Mejia,Juan,0.91,0.1,0.67,-0.76,-0.06,1.1,Juan Mejia,juan mejia
"Wacha, Michael",608379,2026,14,88.0,324,7.6,0,3.58,0,7.8,22.7,Wacha,Michael,-0.56,0.47,-0.5,0.07,-0.3,6.3,Michael Wacha,michael wacha
"Hoffmann, Andrew",694851,2026,8,11.2,48,13.6,0,7.71,0,6.1,19.1,Hoffmann,Andrew,1.2,-0.78,-1.17,-0.32,-1.04,1.4,Andrew Hoffmann,andrew hoffmann
"Rodríguez, Elmer",695684,2026,3,13.0,51,14.1,0,4.15,0,7.1,28.0,Rodríguez,Elmer,1.34,-0.04,0.5,-0.98,-0.34,4.3,Elmer Rodríguez,elmer rodriguez
"Kelly, Merrill",518876,2026,11,64.1,249,9.6,0,5.46,0,5.5,22.4,Kelly,Merrill,0.03,-1.21,-0.55,0.89,0.24,5.8,Merrill Kelly,merrill kelly
"Whitlock, Garrett",676477,2026,21,20.2,78,7.1,0,3.05,9,7.4,28.9,Whitlock,Garrett,-0.7,0.17,0.67,0.4,0.74,1.0,Garrett Whitlock,garrett whitlock
"Mize, Casey",663554,2026,9,47.2,170,6.5,0,2.27,0,6.2,28.5,Mize,Casey,-0.88,-0.7,0.59,1.19,1.24,5.2,Casey Mize,casey mize
"Waldron, Matt",663362,2026,6,23.1,99,6.4,0,8.49,0,6.8,17.8,Waldron,Matt,-0.91,-0.26,-1.42,0.88,-0.37,3.8,Matt Waldron,matt waldron
"Hanifee, Brenan",669724,2026,14,13.2,53,6.8,0,3.29,2,10.0,11.5,Hanifee,Brenan,-0.79,2.07,-2.6,-0.97,-2.49,0.9,Brenan Hanifee,brenan hanifee
"Teng, Kai-Wei",678906,2026,20,51.0,187,11.2,0,3.71,3,7.3,25.3,Teng,Kai-Wei,0.5,0.1,-0.01,-0.45,-0.32,2.6,Kai-Wei Teng,kai wei teng
"Ashby, Aaron",676879,2026,30,41.0,154,11.3,0,2.85,2,7.2,32.8,Ashby,Aaron,0.53,0.03,1.4,-0.42,0.68,1.4,Aaron Ashby,aaron ashby
"Walker, Taijuan",592836,2026,5,22.2,102,9.6,0,9.13,0,6.6,16.8,Walker,Taijuan,0.03,-0.41,-1.6,0.29,-0.92,4.4,Taijuan Walker,taijuan walker
"Eovaldi, Nathan",543135,2026,13,80.1,309,5.9,0,4.26,0,6.4,30.0,Eovaldi,Nathan,-1.05,-0.56,0.87,1.21,1.45,6.2,Nathan Eovaldi,nathan eovaldi
"Bummer, Aaron",607481,2026,19,15.1,64,13.0,0,7.63,4,7.8,23.1,Bummer,Aaron,1.02,0.47,-0.42,-1.12,-1.08,0.8,Aaron Bummer,aaron bummer
"Mears, Nick",683232,2026,21,19.1,70,13.3,0,5.12,5,5.6,18.7,Mears,Nick,1.11,-1.14,-1.25,0.02,-0.85,0.9,Nick Mears,nick mears
"Peralta, Freddy",642547,2026,14,78.0,299,9.5,0,4.04,0,7.1,28.1,Peralta,Freddy,-0.0,-0.04,0.52,0.03,0.38,5.6,Freddy Peralta,freddy peralta
"King, Bryan",687911,2026,27,29.1,112,9.4,6,2.45,6,9.2,17.8,King,Bryan,-0.03,1.49,-1.42,-1.1,-1.75,1.1,Bryan King,bryan king
"Ober, Bailey",641927,2026,12,66.2,259,6.4,0,4.59,0,8.8,19.6,Ober,Bailey,-0.91,1.2,-1.08,-0.22,-0.9,5.5,Bailey Ober,bailey ober
"Gallen, Zac",668678,2026,14,69.2,285,6.7,0,5.43,0,6.4,19.6,Gallen,Zac,-0.82,-0.56,-1.08,1.04,-0.03,4.9,Zac Gallen,zac gallen
"Harris, Hogan",663687,2026,36,33.2,125,15.2,6,2.67,10,10.8,25.5,Harris,Hogan,1.67,2.66,0.03,-3.26,-2.25,0.9,Hogan Harris,hogan harris
"Dreyer, Jack",676263,2026,26,27.2,100,5.6,0,2.93,3,7.1,26.3,Dreyer,Jack,-1.14,-0.04,0.18,0.89,0.75,1.0,Jack Dreyer,jack dreyer
"Quantrill, Cal",615698,2026,13,26.2,95,8.3,0,2.36,0,5.0,19.3,Quantrill,Cal,-0.35,-1.58,-1.13,1.45,0.22,2.0,Cal Quantrill,cal quantrill
"Murphy, Chris",669684,2026,9,10.1,40,16.3,1,6.1,0,6.7,31.4,Murphy,Chris,1.99,-0.34,1.13,-1.24,-0.08,1.1,Chris Murphy,chris murphy
"Skubal, Tarik",669373,2026,7,43.1,158,3.6,0,2.7,0,6.9,29.8,Skubal,Tarik,-1.73,-0.19,0.83,1.44,1.59,6.2,Tarik Skubal,tarik skubal
"Webb, Jacob",657097,2026,29,29.1,115,7.9,1,2.76,4,7.6,31.5,Webb,Jacob,-0.47,0.32,1.15,0.11,0.88,1.0,Jacob Webb,jacob webb
"Topa, Justin",623437,2026,23,19.0,78,12.0,2,8.05,4,7.5,14.1,Topa,Justin,0.73,0.25,-2.11,-0.74,-1.99,0.8,Justin Topa,justin topa
"Festa, Matt",670036,2026,30,29.1,113,7.1,1,4.3,7,8.4,28.2,Festa,Matt,-0.7,0.91,0.53,-0.15,0.27,1.0,Matt Festa,matt festa
"Macko, Adam",671936,2026,12,12.0,45,4.2,0,1.5,3,5.7,31.6,Macko,Adam,-1.55,-1.07,1.17,1.97,2.19,1.0,Adam Macko,adam macko
"Hicks, Jordan",663855,2026,20,17.2,67,19.5,1,5.6,3,6.8,17.9,Hicks,Jordan,2.92,-0.26,-1.4,-2.0,-2.37,0.9,Jordan Hicks,jordan hicks
"Kilian, Caleb",668873,2026,28,29.2,106,12.1,4,3.34,3,6.9,26.6,Kilian,Caleb,0.76,-0.19,0.23,-0.43,-0.14,1.0,Caleb Kilian,caleb kilian
"Rocker, Kumar",677958,2026,13,65.2,250,9.9,0,3.56,0,6.9,22.4,Rocker,Kumar,0.12,-0.19,-0.55,0.06,-0.35,5.0,Kumar Rocker,kumar rocker
"De Los Santos, Enyel",660853,2026,28,29.2,112,5.8,4,3.94,5,7.1,27.2,De Los Santos,Enyel,-1.08,-0.04,0.35,0.85,0.83,1.0,Enyel De Los Santos,enyel de los santos
"Mayza, Tim",641835,2026,26,30.0,110,5.9,0,3.3,1,5.2,24.4,Mayza,Tim,-1.05,-1.43,-0.18,1.87,1.18,1.2,Tim Mayza,tim mayza
"Vodnik, Victor",680767,2026,18,18.0,75,14.4,4,8.0,0,5.4,28.7,Vodnik,Victor,1.43,-1.29,0.63,-0.11,0.36,1.0,Victor Vodnik,victor vodnik
"Matthews, Zebby",805673,2026,6,36.1,138,6.0,0,5.2,0,8.5,23.5,Matthews,Zebby,-1.02,0.98,-0.35,0.03,-0.22,6.0,Zebby Matthews,zebby matthews
"Williamson, Brandon",682227,2026,6,28.0,102,15.6,0,6.11,0,3.1,24.1,Williamson,Brandon,1.78,-2.97,-0.23,0.89,0.46,4.7,Brandon Williamson,brandon williamson
"Severino, Luis",622663,2026,12,62.2,236,11.4,0,4.16,0,8.0,23.0,Severino,Luis,0.55,0.61,-0.44,-0.88,-0.92,5.2,Luis Severino,luis severino
"Blackburn, Paul",621112,2026,20,30.1,115,8.7,0,2.97,0,7.5,18.5,Blackburn,Paul,-0.23,0.25,-1.28,-0.01,-0.9,1.5,Paul Blackburn,paul blackburn
"Early, Connelly",813349,2026,13,71.0,264,9.0,0,3.3,0,7.7,23.1,Early,Connelly,-0.15,0.39,-0.42,-0.19,-0.42,5.5,Connelly Early,connelly early
"Blubaugh, AJ",805123,2026,28,44.2,158,13.2,0,4.03,4,6.2,27.5,Blubaugh,AJ,1.08,-0.7,0.4,-0.29,0.08,1.6,AJ Blubaugh,aj blubaugh
"Harrison, Kyle",690986,2026,12,59.2,225,7.3,0,2.72,0,7.1,29.5,Harrison,Kyle,-0.64,-0.04,0.78,0.52,0.9,4.9,Kyle Harrison,kyle harrison
"Scherzer, Max",453286,2026,6,22.0,89,10.8,0,10.23,0,7.5,17.0,Scherzer,Max,0.38,0.25,-1.57,-0.47,-1.42,3.7,Max Scherzer,max scherzer
"Romero, JoJo",668941,2026,31,31.0,114,8.5,0,3.48,16,5.0,23.4,Romero,JoJo,-0.29,-1.58,-0.37,1.41,0.73,1.0,JoJo Romero,jojo romero
"Bachar, Lake",669199,2026,21,36.1,128,8.3,0,2.97,1,8.0,32.2,Bachar,Lake,-0.35,0.61,1.28,-0.2,0.76,1.7,Lake Bachar,lake bachar
"Lauer, Eric",641778,2026,11,52.2,203,8.0,0,5.47,0,5.4,19.5,Lauer,Eric,-0.44,-1.29,-1.1,1.3,0.14,4.7,Eric Lauer,eric lauer
"Schultz, Paxton",687606,2026,21,27.1,113,7.9,1,5.93,0,6.9,19.2,Schultz,Paxton,-0.47,-0.19,-1.15,0.5,-0.46,1.3,Paxton Schultz,paxton schultz
"Graceffo, Gordon",700669,2026,29,33.2,109,10.2,1,2.14,4,8.4,16.1,Graceffo,Gordon,0.2,0.91,-1.73,-0.84,-1.79,1.1,Gordon Graceffo,gordon graceffo
"De Jesus, Enmanuel",646241,2026,18,26.1,102,10.3,1,4.78,0,4.3,23.2,De Jesus,Enmanuel,0.23,-2.09,-0.4,1.4,0.69,1.5,Enmanuel De Jesus,enmanuel de jesus
"McGreevy, Michael",700241,2026,13,72.1,268,6.0,0,2.99,0,5.9,19.9,McGreevy,Michael,-1.02,-0.92,-1.02,1.47,0.31,5.5,Michael McGreevy,michael mcgreevy
"Povich, Cade",700249,2026,4,19.1,74,8.5,0,5.12,0,7.6,26.1,Povich,Cade,-0.29,0.32,0.14,-0.02,0.08,4.8,Cade Povich,cade povich
"Morejon, Adrian",670970,2026,31,34.1,132,5.0,1,4.19,11,6.8,34.8,Morejon,Adrian,-1.32,-0.26,1.77,1.19,2.07,1.1,Adrian Morejon,adrian morejon
"Agnos, Zach",688642,2026,18,42.2,175,9.0,2,7.8,0,6.7,24.1,Agnos,Zach,-0.15,-0.34,-0.23,0.36,0.09,2.3,Zach Agnos,zach agnos
"Richards, Trevor",670950,2026,15,23.0,84,5.6,0,3.91,0,5.3,18.5,Richards,Trevor,-1.14,-1.36,-1.28,1.88,0.42,1.5,Trevor Richards,trevor richards
"Aldegheri, Sam",691951,2026,5,17.0,63,11.1,0,2.12,0,5.9,22.1,Aldegheri,Sam,0.47,-0.92,-0.61,0.34,-0.19,3.4,Sam Aldegheri,sam aldegheri
"Cavalli, Cade",676917,2026,14,69.2,274,8.0,0,3.88,0,8.6,24.4,Cavalli,Cade,-0.44,1.05,-0.18,-0.46,-0.45,4.9,Cade Cavalli,cade cavalli
"Imai, Tatsuya",837227,2026,9,35.0,128,15.3,0,6.43,0,6.8,30.1,Imai,Tatsuya,1.7,-0.26,0.89,-1.08,-0.13,3.9,Tatsuya Imai,tatsuya imai
"Gray, Peyton",682608,2026,15,21.1,84,7.4,0,3.38,2,6.9,24.9,Gray,Peyton,-0.62,-0.19,-0.08,0.61,0.36,1.4,Peyton Gray,peyton gray
"Cease, Dylan",656302,2026,12,68.0,249,9.6,0,2.91,0,6.0,38.0,Cease,Dylan,0.03,-0.85,2.37,0.62,2.09,5.7,Dylan Cease,dylan cease
"Scott, Tanner",656945,2026,31,29.0,103,2.8,7,2.48,5,7.1,33.5,Scott,Tanner,-1.96,-0.04,1.53,1.51,2.12,0.9,Tanner Scott,tanner scott
"Criswell, Cooper",681867,2026,26,30.2,109,6.6,1,3.52,3,4.5,22.0,Criswell,Cooper,-0.85,-1.94,-0.63,2.1,1.03,1.2,Cooper Criswell,cooper criswell
"Nardi, Andrew",677053,2026,25,22.2,86,11.1,0,5.16,8,7.4,30.4,Nardi,Andrew,0.47,0.17,0.95,-0.48,0.32,0.9,Andrew Nardi,andrew nardi
"Cruz, Steven",674444,2026,18,19.2,75,13.6,0,5.95,0,6.4,33.9,Cruz,Steven,1.2,-0.56,1.6,-0.48,0.78,1.1,Steven Cruz,steven cruz
"Brash, Matt",666374,2026,20,16.2,53,9.4,0,0.54,6,5.7,32.1,Brash,Matt,-0.03,-1.07,1.27,0.83,1.46,0.8,Matt Brash,matt brash
"Chandler, Bubba",696149,2026,13,62.1,235,14.3,0,4.91,0,8.1,24.2,Chandler,Bubba,1.4,0.69,-0.22,-1.57,-1.25,4.8,Bubba Chandler,bubba chandler
"Alexander, Jason",669920,2026,4,18.1,75,9.5,0,9.33,0,9.0,20.3,Alexander,Jason,-0.0,1.34,-0.95,-1.01,-1.37,4.5,Jason Alexander,jason alexander
"Hall, DL",669084,2026,24,31.0,100,19.0,0,2.03,3,7.1,29.6,Hall,DL,2.78,-0.04,0.8,-2.06,-0.88,1.3,DL Hall,dl hall
"Tolle, Payton",801139,2026,9,53.1,198,6.5,0,2.7,0,7.8,25.6,Tolle,Payton,-0.88,0.47,0.05,0.31,0.25,5.9,Payton Tolle,payton tolle
"Morillo, Juan",666661,2026,29,26.0,94,10.1,1,2.42,8,6.0,34.9,Morillo,Juan,0.17,-0.85,1.79,0.51,1.6,0.9,Juan Morillo,juan morillo
"Lawrence, Justin",664875,2026,27,25.2,103,13.5,0,4.91,2,8.1,26.2,Lawrence,Justin,1.17,0.69,0.16,-1.4,-0.86,0.9,Justin Lawrence,justin lawrence
"Finnegan, Kyle",640448,2026,30,31.1,108,16.2,1,2.01,9,7.3,24.2,Finnegan,Kyle,1.96,0.1,-0.22,-1.55,-1.23,1.0,Kyle Finnegan,kyle finnegan
"Rasmussen, Drew",656876,2026,13,73.0,266,4.6,0,2.71,0,8.3,24.8,Rasmussen,Drew,-1.43,0.83,-0.1,0.45,0.24,5.6,Drew Rasmussen,drew rasmussen
"Nola, Aaron",605400,2026,13,66.0,261,7.7,0,5.86,0,6.6,25.9,Nola,Aaron,-0.53,-0.41,0.1,0.71,0.56,5.1,Aaron Nola,aaron nola
"Valdez, Framber",664285,2026,14,77.2,301,8.5,0,4.4,0,7.5,20.9,Valdez,Framber,-0.29,0.25,-0.83,0.03,-0.56,5.5,Framber Valdez,framber valdez
"Seabold, Connor",657756,2026,16,19.0,76,7.0,0,4.26,1,5.8,21.6,Seabold,Connor,-0.73,-0.99,-0.7,1.3,0.42,1.2,Connor Seabold,connor seabold
"Suter, Brent",608718,2026,25,37.2,142,8.9,0,4.54,3,6.6,22.6,Suter,Brent,-0.18,-0.41,-0.52,0.44,-0.05,1.5,Brent Suter,brent suter
"Seymour, Ian",693855,2026,27,35.0,126,10.8,2,4.89,10,7.7,30.0,Seymour,Ian,0.38,0.39,0.87,-0.58,0.2,1.3,Ian Seymour,ian seymour
"Petersen, Michael",656848,2026,26,27.1,98,11.5,1,3.29,9,8.7,27.7,Petersen,Michael,0.58,1.12,0.44,-1.29,-0.59,1.0,Michael Petersen,michael petersen
"Herrin, Tim",682120,2026,30,24.0,82,14.0,0,3.0,10,7.9,32.1,Herrin,Tim,1.32,0.54,1.27,-1.4,-0.09,0.8,Tim Herrin,tim herrin
"Brubaker, JT",664141,2026,24,36.0,129,11.5,0,3.0,1,6.6,22.7,Brubaker,JT,0.58,-0.41,-0.5,-0.13,-0.44,1.5,JT Brubaker,jt brubaker
"Akin, Keegan",669211,2026,19,19.0,80,5.7,0,7.58,0,8.8,21.0,Akin,Keegan,-1.11,1.2,-0.82,-0.06,-0.61,1.0,Keegan Akin,keegan akin
"Williams, Gavin",668909,2026,14,86.2,315,8.1,0,3.32,0,9.2,30.5,Williams,Gavin,-0.41,1.49,0.97,-0.81,0.11,6.2,Gavin Williams,gavin williams
"Erceg, Lucas",668674,2026,28,26.1,104,15.3,12,5.81,2,8.2,21.5,Erceg,Lucas,1.7,0.76,-0.72,-1.85,-1.79,0.9,Lucas Erceg,lucas erceg
"Abreu, Bryan",650556,2026,26,22.1,82,21.8,4,6.85,5,3.6,33.5,Abreu,Bryan,3.6,-2.6,1.53,-0.75,0.54,0.8,Bryan Abreu,bryan abreu
"Burns, Chase",695505,2026,13,75.2,273,7.7,0,2.14,0,6.7,33.7,Burns,Chase,-0.53,-0.34,1.57,0.65,1.55,5.8,Chase Burns,chase burns
"Rodriguez, Grayson",680570,2026,5,23.1,96,11.7,0,8.1,0,7.2,22.0,Rodriguez,Grayson,0.64,0.03,-0.63,-0.51,-0.79,4.6,Grayson Rodriguez,grayson rodriguez
"Hancock, Emerson",676106,2026,13,75.2,270,5.8,0,2.74,0,7.4,23.5,Hancock,Emerson,-1.08,0.17,-0.35,0.68,0.24,5.8,Emerson Hancock,emerson hancock
"Sugano, Tomoyuki",608372,2026,13,68.1,260,7.0,0,4.08,0,8.8,16.7,Sugano,Tomoyuki,-0.73,1.2,-1.62,-0.35,-1.38,5.2,Tomoyuki Sugano,tomoyuki sugano
"Muñoz, Andrés",662253,2026,26,24.1,96,9.3,10,5.18,0,5.3,42.0,Muñoz,Andrés,-0.06,-1.36,3.12,1.07,2.92,0.9,Andrés Muñoz,andres munoz
"Paredes, Mike",702474,2026,3,10.1,36,13.3,0,4.35,0,5.8,19.7,Paredes,Mike,1.11,-0.99,-1.06,-0.09,-0.8,3.4,Mike Paredes,mike paredes
"Quintana, Jose",500779,2026,9,41.0,156,9.4,0,5.27,0,6.1,21.1,Quintana,Jose,-0.03,-0.78,-0.8,0.61,-0.13,4.6,Jose Quintana,jose quintana
"Assad, Javier",665871,2026,10,38.1,137,6.0,0,3.99,0,7.7,14.5,Assad,Javier,-1.02,0.39,-2.03,0.47,-1.09,3.8,Javier Assad,javier assad
"Winn, Cole",668390,2026,24,21.0,84,8.5,1,5.14,6,7.1,27.4,Winn,Cole,-0.29,-0.04,0.38,0.25,0.45,0.9,Cole Winn,cole winn
"Eisert, Brandon",685126,2026,14,14.2,57,9.2,0,4.3,0,5.0,28.9,Eisert,Brandon,-0.09,-1.58,0.67,1.26,1.34,1.0,Brandon Eisert,brandon eisert
"Bido, Osvaldo",674370,2026,11,18.2,67,12.3,1,6.27,0,6.9,23.4,Bido,Osvaldo,0.82,-0.19,-0.37,-0.47,-0.58,1.7,Osvaldo Bido,osvaldo bido
"Cleavinger, Garrett",664076,2026,17,15.1,54,13.2,2,4.7,8,6.0,26.4,Cleavinger,Garrett,1.08,-0.85,0.2,-0.18,0.01,0.9,Garrett Cleavinger,garrett cleavinger
"Bruihl, Justin",677865,2026,31,29.2,110,9.6,0,4.55,6,7.5,19.7,Bruihl,Justin,0.03,0.25,-1.06,-0.21,-0.88,0.9,Justin Bruihl,justin bruihl
"Tong, Jonah",804636,2026,3,10.0,39,14.9,0,3.6,0,5.3,23.4,Tong,Jonah,1.58,-1.36,-0.37,-0.16,-0.37,3.3,Jonah Tong,jonah tong
"Cruz, Fernando",518585,2026,33,30.1,107,12.8,1,2.08,11,5.9,41.7,Cruz,Fernando,0.96,-0.92,3.07,-0.03,2.12,0.9,Fernando Cruz,fernando cruz
"Arrighetti, Spencer",681293,2026,10,57.0,200,12.8,0,2.21,0,6.7,25.6,Arrighetti,Spencer,0.96,-0.34,0.05,-0.47,-0.3,5.7,Spencer Arrighetti,spencer arrighetti
"Vest, Will",676684,2026,21,20.2,81,8.8,1,6.53,6,6.4,29.7,Vest,Will,-0.21,-0.56,0.82,0.57,0.97,1.0,Will Vest,will vest
"Paddack, Chris",663978,2026,11,47.2,202,7.6,0,7.17,0,6.7,22.2,Paddack,Chris,-0.56,-0.34,-0.59,0.67,0.06,4.3,Chris Paddack,chris paddack
"Painter, Andrew",691725,2026,13,63.0,254,7.7,0,6.43,0,8.4,22.1,Painter,Andrew,-0.53,0.91,-0.61,-0.28,-0.62,4.8,Andrew Painter,andrew painter
"Lynch IV, Daniel",663738,2026,28,28.0,102,7.9,1,1.93,8,6.2,32.9,Lynch IV,Daniel,-0.47,-0.7,1.42,0.88,1.6,1.0,Daniel Lynch IV,daniel lynch
"Kimbrel, Craig",518886,2026,15,16.0,60,8.8,0,5.63,1,5.4,25.9,Kimbrel,Craig,-0.21,-1.29,0.1,1.12,0.86,1.1,Craig Kimbrel,craig kimbrel
"Miller, Bryce",682243,2026,6,35.0,119,4.0,0,1.54,0,8.3,27.2,Miller,Bryce,-1.61,0.83,0.35,0.59,0.65,5.8,Bryce Miller,bryce miller
"Ramírez, Yohan",670990,2026,29,38.2,143,11.8,1,4.42,3,7.5,25.8,Ramírez,Yohan,0.67,0.25,0.08,-0.69,-0.42,1.3,Yohan Ramírez,yohan ramirez
"Sewald, Paul",623149,2026,28,25.1,87,6.3,16,3.2,0,9.9,27.0,Sewald,Paul,-0.94,2.0,0.31,-0.8,-0.34,0.9,Paul Sewald,paul sewald
"Keller, Mitch",656605,2026,14,77.0,294,8.2,0,5.14,0,7.8,20.1,Keller,Mitch,-0.38,0.47,-0.98,-0.06,-0.73,5.5,Mitch Keller,mitch keller
"Ohtani, Shohei",660271,2026,11,67.2,234,8.0,0,1.06,0,5.8,30.6,Ohtani,Shohei,-0.44,-0.99,0.98,1.08,1.44,6.1,Shohei Ohtani,shohei ohtani
"Rojas, Kendry",696070,2026,5,14.1,49,16.4,0,1.26,1,5.7,29.3,Rojas,Kendry,2.02,-1.07,0.74,-0.72,0.02,2.8,Kendry Rojas,kendry rojas
"Headrick, Brent",687396,2026,34,32.2,123,10.0,0,1.93,7,9.1,30.9,Headrick,Brent,0.15,1.42,1.04,-1.18,-0.09,0.9,Brent Headrick,brent headrick
"Woodford, Jake",663765,2026,16,23.1,102,6.3,1,6.94,0,6.5,20.0,Woodford,Jake,-0.94,-0.48,-1.0,1.07,0.05,1.4,Jake Woodford,jake woodford
"Weiss, Ryan",680802,2026,9,26.0,111,15.3,0,7.62,0,6.2,23.7,Weiss,Ryan,1.7,-0.7,-0.31,-0.75,-0.74,2.9,Ryan Weiss,ryan weiss
"Klein, Will",694361,2026,23,28.0,107,8.5,1,2.25,8,9.8,21.8,Klein,Will,-0.29,1.93,-0.67,-1.23,-1.32,1.2,Will Klein,will klein
"King, John",667463,2026,30,28.1,92,7.6,1,2.22,3,7.3,22.8,King,John,-0.56,0.1,-0.48,0.34,-0.09,0.9,John King,john king
"Ginn, J.T.",669372,2026,15,71.1,254,10.3,0,3.15,0,6.7,27.2,Ginn,J.T.,0.23,-0.34,0.35,0.08,0.3,4.7,J.T. Ginn,jt ginn
"Tidwell, Blade",694918,2026,8,12.0,43,6.4,1,3.0,1,6.0,31.0,Tidwell,Blade,-0.91,-0.85,1.06,1.32,1.66,1.5,Blade Tidwell,blade tidwell
"Santana, Dennis",642701,2026,30,28.0,109,12.6,2,4.82,4,8.6,23.6,Santana,Dennis,0.91,1.05,-0.33,-1.47,-1.26,0.9,Dennis Santana,dennis santana
"Wilcox, Cole",677961,2026,11,13.1,55,17.1,0,5.4,0,11.1,30.0,Wilcox,Cole,2.22,2.88,0.87,-3.84,-2.07,1.2,Cole Wilcox,cole wilcox
"Martin, Trevor",694680,2026,5,10.1,44,8.0,0,4.35,0,5.4,22.5,Martin,Trevor,-0.44,-1.29,-0.53,1.3,0.53,2.0,Trevor Martin,trevor martin
"Gray, Sonny",543243,2026,12,62.1,237,6.3,0,3.03,0,8.2,22.1,Gray,Sonny,-0.94,0.76,-0.61,0.13,-0.33,5.2,Sonny Gray,sonny gray
"Yarbrough, Ryan",642232,2026,14,23.1,86,10.2,1,3.47,0,6.0,22.0,Yarbrough,Ryan,0.2,-0.85,-0.63,0.49,-0.1,1.6,Ryan Yarbrough,ryan yarbrough
"Sánchez, Cristopher",650911,2026,14,93.1,354,4.8,0,1.54,0,6.0,33.0,Sánchez,Cristopher,-1.38,-0.85,1.43,1.67,2.17,6.6,Cristopher Sánchez,cristopher sanchez
"Thompson, Keegan",624522,2026,5,12.0,52,3.5,0,8.25,0,9.2,21.6,Thompson,Keegan,-1.76,1.49,-0.7,0.2,-0.35,2.4,Keegan Thompson,keegan thompson
"Davis, Tyler",699823,2026,19,21.1,73,11.8,1,4.22,0,6.9,22.9,Davis,Tyler,0.67,-0.19,-0.46,-0.36,-0.57,1.1,Tyler Davis,tyler davis
"Sabrowski, Erik",681870,2026,25,21.0,69,15.7,0,1.71,17,8.7,36.1,Sabrowski,Erik,1.81,1.12,2.02,-2.21,-0.14,0.8,Erik Sabrowski,erik sabrowski
"Bibee, Tanner",676440,2026,15,84.0,312,7.6,0,3.96,0,8.3,27.0,Bibee,Tanner,-0.56,0.83,0.31,-0.21,0.07,5.6,Tanner Bibee,tanner bibee
"Baker, Bryan",641329,2026,29,27.1,97,10.1,18,1.98,1,6.7,32.8,Baker,Bryan,0.17,-0.34,1.4,0.12,1.06,0.9,Bryan Baker,bryan baker
"Weaver, Luke",596133,2026,28,30.0,108,6.7,0,2.4,8,6.9,26.8,Weaver,Luke,-0.82,-0.19,0.27,0.76,0.72,1.1,Luke Weaver,luke weaver
"Adam, Jason",592094,2026,27,24.0,91,8.0,1,1.5,14,7.6,29.6,Adam,Jason,-0.44,0.32,0.8,0.09,0.62,0.9,Jason Adam,jason adam
"Roberts, Ethan",681799,2026,15,19.1,67,10.4,0,1.86,0,7.8,23.7,Roberts,Ethan,0.26,0.47,-0.31,-0.55,-0.6,1.3,Ethan Roberts,ethan roberts
"Holderman, Colin",670059,2026,21,25.0,86,8.5,0,1.8,4,6.3,27.1,Holderman,Colin,-0.29,-0.63,0.33,0.69,0.71,1.2,Colin Holderman,colin holderman
"Holmes, Grant",656550,2026,13,66.2,255,10.1,0,4.05,0,6.6,28.7,Holmes,Grant,0.17,-0.41,0.63,0.18,0.56,5.1,Grant Holmes,grant holmes
"Bradley, Taj",671737,2026,12,65.0,250,10.2,0,4.02,0,7.9,27.1,Bradley,Taj,0.2,0.54,0.33,-0.56,-0.16,5.4,Taj Bradley,taj bradley
"Coulombe, Danny",543056,2026,19,13.2,51,13.3,0,5.93,4,4.9,19.3,Coulombe,Danny,1.11,-1.65,-1.13,0.41,-0.51,0.7,Danny Coulombe,danny coulombe
"Sandlin, David",689818,2026,3,13.1,51,12.1,0,8.1,0,5.9,24.0,Sandlin,David,0.76,-0.92,-0.25,0.12,-0.09,4.4,David Sandlin,david sandlin
"Littell, Zack",641793,2026,14,66.0,259,7.3,0,5.32,0,7.3,15.5,Littell,Zack,-0.64,0.1,-1.85,0.41,-1.0,4.7,Zack Littell,zack littell
"Santillan, Tony",663574,2026,30,26.0,103,11.1,2,5.88,11,6.0,20.7,Santillan,Tony,0.47,-0.85,-0.87,0.29,-0.41,0.9,Tony Santillan,tony santillan
"Skenes, Paul",694973,2026,14,76.0,280,5.0,0,2.84,0,6.2,27.0,Skenes,Paul,-1.32,-0.7,0.31,1.52,1.28,5.4,Paul Skenes,paul skenes
"Fedde, Erick",607200,2026,13,63.1,244,8.7,0,4.69,0,6.3,16.3,Fedde,Erick,-0.23,-0.63,-1.7,0.65,-0.73,4.9,Erick Fedde,erick fedde
"Young, Brandon",687064,2026,10,56.1,214,7.9,0,3.04,0,8.1,21.9,Young,Brandon,-0.47,0.69,-0.65,-0.16,-0.57,5.6,Brandon Young,brandon young
"Woodruff, Brandon",605540,2026,6,30.0,111,5.8,0,3.6,0,10.4,22.8,Woodruff,Brandon,-1.08,2.37,-0.48,-0.97,-1.01,5.0,Brandon Woodruff,brandon woodruff
"Phillips, Tyler",663969,2026,19,48.1,180,11.6,2,1.86,0,7.2,28.6,Phillips,Tyler,0.61,0.03,0.61,-0.48,0.09,2.5,Tyler Phillips,tyler phillips
"Jones, Jared",683003,2026,3,13.1,53,8.6,0,4.73,0,7.5,34.9,Jones,Jared,-0.26,0.25,1.79,0.01,1.26,4.4,Jared Jones,jared jones
"Patrick, Chad",694477,2026,18,52.2,188,9.9,3,2.73,2,6.8,26.3,Patrick,Chad,0.12,-0.26,0.18,0.11,0.2,2.9,Chad Patrick,chad patrick
"Meyer, Max",676974,2026,14,79.0,289,8.9,0,2.85,0,7.0,30.0,Meyer,Max,-0.18,-0.12,0.87,0.22,0.76,5.6,Max Meyer,max meyer
"Kittredge, Andrew",552640,2026,18,15.2,67,6.8,1,6.32,2,7.3,22.9,Kittredge,Andrew,-0.79,0.1,-0.46,0.52,0.04,0.8,Andrew Kittredge,andrew kittredge
"Dollander, Chase",801403,2026,10,44.0,164,9.5,0,3.89,0,9.0,28.0,Dollander,Chase,-0.0,1.34,0.5,-1.01,-0.36,4.4,Chase Dollander,chase dollander
"Suarez, Ranger",624133,2026,12,65.0,241,7.2,0,3.18,0,6.3,23.8,Suarez,Ranger,-0.67,-0.63,-0.29,0.98,0.48,5.4,Ranger Suarez,ranger suarez
"Lee, Dylan",669276,2026,32,31.0,106,4.5,0,1.16,13,7.0,38.8,Lee,Dylan,-1.46,-0.12,2.52,1.19,2.59,1.0,Dylan Lee,dylan lee
"Soroka, Michael",647336,2026,13,74.0,283,5.6,0,3.28,0,6.6,22.1,Soroka,Michael,-1.14,-0.41,-0.61,1.17,0.39,5.7,Michael Soroka,michael soroka
"Varland, Louis",686973,2026,33,36.2,129,7.1,12,0.49,5,6.8,28.1,Varland,Louis,-0.7,-0.26,0.52,0.73,0.87,1.1,Louis Varland,louis varland
"Rodriguez, Bradgley",699134,2026,28,31.1,118,7.7,0,2.01,3,9.3,29.5,Rodriguez,Bradgley,-0.53,1.56,0.78,-0.78,-0.0,1.1,Bradgley Rodriguez,bradgley rodriguez
"Taillon, Jameson",592791,2026,13,67.2,262,8.0,0,5.19,0,6.6,26.4,Taillon,Jameson,-0.44,-0.41,0.2,0.64,0.58,5.2,Jameson Taillon,jameson taillon
"Wrobleski, Justin",680736,2026,12,73.1,276,5.4,0,2.95,0,7.7,17.3,Wrobleski,Justin,-1.2,0.39,-1.51,0.61,-0.63,6.1,Justin Wrobleski,justin wrobleski
"Duran, Jhoan",661395,2026,24,22.2,83,5.7,17,1.99,0,6.2,39.0,Duran,Jhoan,-1.11,-0.7,2.56,1.37,2.74,0.9,Jhoan Duran,jhoan duran
"Dodd, Dylan",689266,2026,10,14.1,50,7.4,1,1.26,1,4.2,30.1,Dodd,Dylan,-0.62,-2.16,0.89,2.09,2.08,1.4,Dylan Dodd,dylan dodd
"Leahy, Kyle",681517,2026,13,64.0,260,8.6,0,4.64,0,8.6,22.1,Leahy,Kyle,-0.26,1.05,-0.61,-0.59,-0.84,4.9,Kyle Leahy,kyle leahy
"Schultz, Noah",702273,2026,8,38.2,139,13.1,0,5.82,0,7.4,21.6,Schultz,Noah,1.05,0.17,-0.7,-0.92,-1.14,4.8,Noah Schultz,noah schultz
"Zerpa, Angel",672582,2026,12,12.2,48,10.9,2,6.39,2,9.7,17.8,Zerpa,Angel,0.41,1.86,-1.42,-1.7,-2.18,1.0,Angel Zerpa,angel zerpa
"Black, Mason",696131,2026,10,13.2,53,12.7,0,2.63,0,7.8,23.9,Black,Mason,0.94,0.47,-0.27,-1.06,-0.93,1.3,Mason Black,mason black
"Beeter, Clayton",690925,2026,18,19.1,66,15.5,4,3.72,3,9.6,23.8,Beeter,Clayton,1.75,1.78,-0.29,-2.66,-2.06,1.1,Clayton Beeter,clayton beeter
"Bachman, Sam",696147,2026,25,31.2,110,11.8,0,1.99,11,7.5,36.2,Bachman,Sam,0.67,0.25,2.03,-0.69,0.94,1.2,Sam Bachman,sam bachman
"Zeferjahn, Ryan",666171,2026,27,32.0,114,16.4,2,5.06,5,8.1,30.5,Zeferjahn,Ryan,2.02,0.69,0.97,-2.04,-0.75,1.2,Ryan Zeferjahn,ryan zeferjahn
"Mlodzinski, Carmen",669387,2026,13,62.2,242,8.5,1,4.02,0,6.4,21.3,Mlodzinski,Carmen,-0.29,-0.56,-0.76,0.64,-0.08,4.8,Carmen Mlodzinski,carmen mlodzinski
"Hudson, Bryan",663542,2026,33,32.0,111,10.3,3,2.25,4,8.7,23.1,Hudson,Bryan,0.23,1.12,-0.42,-1.02,-1.01,1.0,Bryan Hudson,bryan hudson
"Liberatore, Matthew",669461,2026,13,66.1,258,9.0,0,4.48,0,7.5,22.4,Liberatore,Matthew,-0.15,0.25,-0.55,-0.08,-0.44,5.1,Matthew Liberatore,matthew liberatore
"Manaea, Sean",640455,2026,14,43.0,167,8.9,0,5.02,0,7.1,22.5,Manaea,Sean,-0.18,-0.04,-0.53,0.17,-0.26,3.1,Sean Manaea,sean manaea
"Hernández, Jonathan",642546,2026,7,11.2,43,14.0,0,5.4,0,8.1,19.5,Hernández,Jonathan,1.32,0.69,-1.1,-1.51,-1.82,1.6,Jonathan Hernández,jonathan hernandez
"Kinley, Tyler",641755,2026,31,28.1,108,8.4,0,3.18,9,6.0,27.1,Kinley,Tyler,-0.32,-0.85,0.33,0.88,0.84,0.9,Tyler Kinley,tyler kinley
"Gómez, Yoendrys",672782,2026,27,32.2,125,11.6,5,4.13,5,7.4,24.4,Gómez,Yoendrys,0.61,0.17,-0.18,-0.59,-0.54,1.2,Yoendrys Gómez,yoendrys gomez
"Gore, MacKenzie",669022,2026,14,71.0,272,10.7,0,4.18,0,7.6,25.4,Gore,MacKenzie,0.35,0.32,0.01,-0.51,-0.35,5.1,MacKenzie Gore,mackenzie gore
"Cole, Gerrit",543037,2026,4,22.0,81,6.7,0,2.45,0,4.4,17.9,Cole,Gerrit,-0.82,-2.02,-1.4,2.14,0.52,5.5,Gerrit Cole,gerrit cole
"Yamamoto, Yoshinobu",808967,2026,12,77.1,277,5.1,0,2.68,0,6.7,29.5,Yamamoto,Yoshinobu,-1.29,-0.34,0.78,1.22,1.4,6.4,Yoshinobu Yamamoto,yoshinobu yamamoto
"Barco, Hunter",682995,2026,5,11.2,48,15.0,0,7.71,1,6.5,15.2,Barco,Hunter,1.61,-0.48,-1.9,-0.85,-1.92,2.2,Hunter Barco,hunter barco
"Castillo, Luis",622491,2026,13,61.0,238,8.5,0,5.16,1,6.7,25.4,Castillo,Luis,-0.29,-0.34,0.01,0.47,0.34,4.7,Luis Castillo,luis castillo
"Leasure, Jordan",673929,2026,18,18.2,69,10.3,0,6.27,3,7.3,26.5,Leasure,Jordan,0.23,0.1,0.22,-0.25,-0.03,1.0,Jordan Leasure,jordan leasure
"Madden, Ty",680744,2026,7,20.0,76,6.1,0,3.15,0,4.8,28.9,Madden,Ty,-1.0,-1.72,0.67,2.05,1.89,2.9,Ty Madden,ty madden
"Ritchie, JR",702275,2026,6,30.2,110,13.6,0,3.82,0,6.3,22.2,Ritchie,JR,1.2,-0.63,-0.59,-0.43,-0.71,5.0,JR Ritchie,jr ritchie
"McLean, Nolan",690997,2026,14,76.1,276,9.8,0,4.01,0,6.6,24.5,McLean,Nolan,0.09,-0.41,-0.16,0.24,0.06,5.4,Nolan McLean,nolan mclean
"Bennett, Jake",687562,2026,3,15.1,56,7.7,0,5.28,0,7.4,18.9,Bennett,Jake,-0.53,0.17,-1.21,0.27,-0.66,5.0,Jake Bennett,jake bennett
"Alcantara, Sandy",645261,2026,15,97.1,374,5.7,0,4.25,0,7.1,21.0,Alcantara,Sandy,-1.11,-0.04,-0.82,0.87,0.04,6.5,Sandy Alcantara,sandy alcantara
"Gaddis, Hunter",683769,2026,21,17.2,73,7.4,1,4.08,10,7.9,29.2,Gaddis,Hunter,-0.62,0.54,0.72,0.06,0.54,0.8,Hunter Gaddis,hunter gaddis
"Stanek, Ryne",592773,2026,30,27.1,106,14.3,1,5.6,11,6.7,33.0,Stanek,Ryne,1.4,-0.34,1.43,-0.8,0.44,0.9,Ryne Stanek,ryne stanek
"Nelson, Ryne",669194,2026,14,76.1,297,6.7,0,5.19,0,7.4,21.3,Nelson,Ryne,-0.82,0.17,-0.76,0.49,-0.19,5.4,Ryne Nelson,ryne nelson
"Rodón, Carlos",607074,2026,6,31.0,106,14.7,0,3.19,0,9.9,27.8,Rodón,Carlos,1.52,2.0,0.46,-2.65,-1.53,5.2,Carlos Rodón,carlos rodon
"Ureña, Walbert",700712,2026,12,55.1,204,13.6,0,2.44,1,5.9,28.1,Ureña,Walbert,1.2,-0.92,0.52,-0.21,0.21,4.6,Walbert Ureña,walbert urena
"Holton, Tyler",663947,2026,30,30.1,120,6.1,0,4.15,5,7.4,25.2,Holton,Tyler,-1.0,0.17,-0.03,0.62,0.41,1.0,Tyler Holton,tyler holton
"Pérez, Martín",527048,2026,13,56.2,199,8.9,0,3.02,0,6.9,22.3,Pérez,Martín,-0.18,-0.19,-0.57,0.28,-0.21,4.3,Martín Pérez,martin perez
"Megill, Trevor",656730,2026,25,24.0,90,6.9,8,4.5,6,8.4,34.5,Megill,Trevor,-0.76,0.91,1.72,-0.11,1.12,1.0,Trevor Megill,trevor megill
"Enns, Dietrich",608650,2026,13,16.0,55,15.7,0,3.94,0,6.9,23.1,Enns,Dietrich,1.81,-0.19,-0.42,-1.22,-1.15,1.2,Dietrich Enns,dietrich enns
"Kelly, Zack",677161,2026,17,16.1,60,9.9,0,3.31,3,7.1,21.1,Kelly,Zack,0.12,-0.04,-0.8,-0.05,-0.59,0.9,Zack Kelly,zack kelly
"Brown, Ben",676962,2026,18,57.0,200,7.3,1,1.74,2,7.8,27.6,Brown,Ben,-0.64,0.47,0.42,0.13,0.39,3.2,Ben Brown,ben brown
"García, Luis",472610,2026,15,15.0,66,8.1,2,9.0,1,7.2,20.9,García,Luis,-0.41,0.03,-0.83,0.29,-0.38,1.0,Luis García,luis garcia
"Canning, Griffin",656288,2026,8,37.2,139,13.5,0,7.17,0,5.4,25.3,Canning,Griffin,1.17,-1.29,-0.01,0.09,0.06,4.6,Griffin Canning,griffin canning
"Prielipp, Connor",687570,2026,9,43.2,165,9.4,0,5.15,0,7.0,23.1,Prielipp,Connor,-0.03,-0.12,-0.42,0.11,-0.22,4.8,Connor Prielipp,connor prielipp
"Alexander, Tyler",641302,2026,29,28.0,109,7.3,2,3.21,6,7.7,16.6,Alexander,Tyler,-0.64,0.39,-1.64,0.19,-1.01,1.0,Tyler Alexander,tyler alexander
"Gilbert, Logan",669302,2026,14,79.2,296,5.9,0,3.62,0,7.1,29.1,Gilbert,Logan,-1.05,-0.04,0.7,0.83,1.07,5.7,Logan Gilbert,logan gilbert
"Slaten, Justin",686580,2026,14,12.1,52,8.8,0,7.3,7,8.2,26.7,Slaten,Justin,-0.21,0.76,0.25,-0.42,-0.11,0.9,Justin Slaten,justin slaten
"Alvarez, Andrew",674841,2026,7,24.1,92,10.7,1,3.7,2,7.2,28.4,Alvarez,Andrew,0.35,0.03,0.57,-0.29,0.2,3.4,Andrew Alvarez,andrew alvarez
"Feltner, Ryan",663372,2026,8,36.1,136,8.7,0,5.2,0,9.9,24.1,Feltner,Ryan,-0.23,2.0,-0.23,-1.33,-1.09,4.5,Ryan Feltner,ryan feltner
"Avila, Luinder",679883,2026,13,32.0,121,15.3,0,6.19,0,6.8,23.8,Avila,Luinder,1.7,-0.26,-0.29,-1.08,-0.96,2.5,Luinder Avila,luinder avila
"Williams, Devin",642207,2026,26,23.1,87,13.6,10,5.01,0,5.8,39.5,Williams,Devin,1.2,-0.99,2.65,-0.15,1.74,0.9,Devin Williams,devin williams
"Laweryson, Cody",689520,2026,10,12.1,46,10.7,1,5.84,2,7.4,19.0,Laweryson,Cody,0.35,0.17,-1.19,-0.4,-1.11,1.2,Cody Laweryson,cody laweryson
"Watson, Ryan",670245,2026,23,38.2,152,9.2,1,5.12,1,8.9,24.0,Watson,Ryan,-0.09,1.27,-0.25,-0.89,-0.8,1.7,Ryan Watson,ryan watson
"Maton, Phil",664208,2026,25,22.0,88,10.5,0,6.55,5,7.1,26.5,Maton,Phil,0.29,-0.04,0.22,-0.19,0.02,0.9,Phil Maton,phil maton
"Estrada, Jeremiah",669093,2026,21,20.2,71,12.2,1,3.48,6,7.8,33.3,Estrada,Jeremiah,0.79,0.47,1.49,-0.95,0.38,1.0,Jeremiah Estrada,jeremiah estrada
"Hentges, Sam",656529,2026,13,10.1,37,26.0,0,1.74,1,6.5,27.9,Hentges,Sam,4.83,-0.48,0.48,-3.27,-1.95,0.8,Sam Hentges,sam hentges
"O'Brien, Riley",676617,2026,29,29.1,109,5.7,17,3.68,1,7.8,28.4,O'Brien,Riley,-1.11,0.47,0.57,0.49,0.74,1.0,Riley O'Brien,riley obrien
"Scott, Christian",681035,2026,9,40.2,154,10.7,0,3.1,0,7.2,23.0,Scott,Christian,0.35,0.03,-0.44,-0.29,-0.51,4.5,Christian Scott,christian scott
"Okert, Steven",595345,2026,32,32.1,112,7.9,0,2.78,7,6.3,25.3,Okert,Steven,-0.47,-0.63,-0.01,0.83,0.57,1.0,Steven Okert,steven okert
"Senzatela, Antonio",622608,2026,20,38.1,136,7.4,3,2.11,2,6.8,26.5,Senzatela,Antonio,-0.62,-0.26,0.22,0.66,0.61,1.9,Antonio Senzatela,antonio senzatela
"Cano, Yennier",666974,2026,31,23.2,83,3.4,0,2.28,4,6.0,28.2,Cano,Yennier,-1.79,-0.85,0.53,1.98,1.76,0.7,Yennier Cano,yennier cano
"Ferrer, José A.",678606,2026,33,30.0,120,5.3,3,2.1,8,7.8,21.7,Ferrer,José A.,-1.23,0.47,-0.68,0.57,-0.08,0.9,José A. Ferrer,jose a ferrer
"Lopez, Jacob",682052,2026,12,50.2,204,13.6,0,6.75,1,6.9,19.4,Lopez,Jacob,1.2,-0.19,-1.12,-0.76,-1.31,4.2,Jacob Lopez,jacob lopez
"Peralta, Wandy",593974,2026,28,33.0,121,12.1,0,2.18,2,5.1,23.7,Peralta,Wandy,0.76,-1.51,-0.31,0.56,0.18,1.2,Wandy Peralta,wandy peralta
"Anderson, Shaun",641312,2026,9,16.2,63,11.0,0,5.94,0,9.2,24.8,Anderson,Shaun,0.44,1.49,-0.1,-1.45,-1.08,1.8,Shaun Anderson,shaun anderson
"Brazobán, Huascar",623211,2026,29,34.2,119,10.9,0,2.08,5,4.2,26.5,Brazobán,Huascar,0.41,-2.16,0.22,1.32,1.07,1.2,Huascar Brazobán,huascar brazoban
"Dobbins, Hunter",690928,2026,4,17.1,66,9.6,1,3.63,0,7.2,23.8,Dobbins,Hunter,0.03,0.03,-0.29,-0.04,-0.23,4.3,Hunter Dobbins,hunter dobbins
"Kolek, Stephen",663568,2026,7,43.0,162,5.2,0,3.14,0,6.1,20.7,Kolek,Stephen,-1.26,-0.78,-0.87,1.53,0.46,6.1,Stephen Kolek,stephen kolek
"Giolito, Lucas",608337,2026,5,20.2,76,18.9,0,4.35,0,7.0,24.5,Giolito,Lucas,2.75,-0.12,-0.16,-1.98,-1.49,4.0,Lucas Giolito,lucas giolito
"Woods Richardson, Simeon",680573,2026,13,51.2,210,10.4,0,7.14,0,8.8,18.8,Woods Richardson,Simeon,0.26,1.2,-1.23,-1.1,-1.62,3.9,Simeon Woods Richardson,simeon woods richardson
"Elder, Bryce",693821,2026,14,84.2,311,7.3,0,2.66,0,6.6,23.0,Elder,Bryce,-0.64,-0.41,-0.44,0.79,0.25,6.0,Bryce Elder,bryce elder
"Woo, Bryan",693433,2026,14,82.0,308,4.6,0,4.28,0,7.8,24.2,Woo,Bryan,-1.43,0.47,-0.22,0.73,0.36,5.9,Bryan Woo,bryan woo
"Palencia, Daniel",694037,2026,18,15.2,61,7.5,3,2.87,0,4.5,30.9,Palencia,Daniel,-0.59,-1.94,1.04,1.91,2.06,0.8,Daniel Palencia,daniel palencia
"Hoppe, Alex",695380,2026,15,18.0,71,9.9,0,5.5,1,6.2,27.0,Hoppe,Alex,0.12,-0.7,0.31,0.44,0.52,1.2,Alex Hoppe,alex hoppe
"Gibson, Trey",694346,2026,4,17.0,65,10.8,0,4.24,0,9.1,14.7,Gibson,Trey,0.38,1.42,-2.0,-1.35,-2.34,4.2,Trey Gibson,trey gibson
"Antone, Tejay",622088,2026,15,15.2,58,6.2,1,2.87,1,6.6,25.5,Antone,Tejay,-0.97,-0.41,0.03,1.04,0.74,1.0,Tejay Antone,tejay antone
"Murray, Jayden",681151,2026,7,11.1,45,13.2,0,7.15,0,4.6,17.4,Murray,Jayden,1.08,-1.87,-1.49,0.59,-0.62,1.6,Jayden Murray,jayden murray
"Junk, Janson",676083,2026,11,60.0,238,5.1,0,4.8,0,7.1,18.0,Junk,Janson,-1.29,-0.04,-1.38,1.0,-0.26,5.5,Janson Junk,janson junk
"Sasaki, Roki",808963,2026,12,62.1,241,8.9,0,4.76,0,7.4,28.9,Sasaki,Roki,-0.18,0.17,0.67,0.0,0.47,5.2,Roki Sasaki,roki sasaki
"Speier, Gabe",642100,2026,21,17.2,63,8.0,1,2.04,8,10.4,24.7,Speier,Gabe,-0.44,2.37,-0.12,-1.45,-1.1,0.8,Gabe Speier,gabe speier
"Thielbar, Caleb",573204,2026,19,16.1,61,10.1,2,3.86,3,8.3,27.7,Thielbar,Caleb,0.17,0.83,0.44,-0.76,-0.22,0.8,Caleb Thielbar,caleb thielbar
"Glasnow, Tyler",607192,2026,7,39.2,134,8.8,0,2.72,0,8.5,29.8,Glasnow,Tyler,-0.21,0.98,0.83,-0.58,0.18,5.6,Tyler Glasnow,tyler glasnow
"Phillips, Connor",683175,2026,25,27.2,101,21.1,1,5.53,5,6.4,26.8,Phillips,Connor,3.39,-0.56,0.27,-2.14,-1.3,1.1,Connor Phillips,connor phillips
"Santa, Alimber",695001,2026,6,10.0,32,12.8,0,0.9,0,4.1,22.6,Santa,Alimber,0.96,-2.24,-0.52,0.96,0.31,1.7,Alimber Santa,alimber santa
"Fried, Max",608331,2026,10,61.2,216,7.9,0,3.21,0,7.6,23.2,Fried,Max,-0.47,0.32,-0.4,0.11,-0.2,6.1,Max Fried,max fried
"Singer, Brady",663903,2026,13,61.0,257,7.1,0,5.61,0,6.3,22.2,Singer,Brady,-0.7,-0.63,-0.59,1.0,0.29,4.7,Brady Singer,brady singer
"Brogdon, Connor",641401,2026,15,15.1,61,4.5,1,5.28,4,4.1,26.7,Brogdon,Connor,-1.46,-2.24,0.25,2.79,2.12,1.0,Connor Brogdon,connor brogdon
"Englert, Mason",669438,2026,12,25.0,100,5.5,1,3.96,0,7.2,22.3,Englert,Mason,-1.17,0.03,-0.57,0.86,0.2,2.1,Mason Englert,mason englert
"Milner, Hoby",571948,2026,32,30.1,114,5.5,1,3.86,5,8.1,17.6,Milner,Hoby,-1.17,0.69,-1.45,0.36,-0.76,0.9,Hoby Milner,hoby milner
"Scholtens, Jesse",669947,2026,9,37.2,149,6.7,0,3.82,0,5.8,19.3,Scholtens,Jesse,-0.82,-0.99,-1.13,1.37,0.16,4.1,Jesse Scholtens,jesse scholtens
"Lange, Alex",656638,2026,29,31.0,113,13.3,4,4.06,1,6.3,31.7,Lange,Alex,1.11,-0.63,1.19,-0.36,0.58,1.1,Alex Lange,alex lange
"Taylor, Grant",691799,2026,26,34.2,130,6.4,2,1.82,4,7.4,30.3,Taylor,Grant,-0.91,0.17,0.93,0.55,1.03,1.3,Grant Taylor,grant taylor
"Burrows, Mike",681347,2026,13,73.1,295,8.6,0,5.77,0,7.1,23.4,Burrows,Mike,-0.26,-0.04,-0.37,0.23,-0.09,5.6,Mike Burrows,mike burrows
"Ashcraft, Braxton",677952,2026,14,84.2,313,5.5,0,3.3,0,7.5,27.4,Ashcraft,Braxton,-1.17,0.25,0.38,0.69,0.75,6.0,Braxton Ashcraft,braxton ashcraft
"Strider, Spencer",675911,2026,8,39.0,142,12.1,0,5.31,0,7.7,30.7,Strider,Spencer,0.76,0.39,1.0,-0.87,0.09,4.9,Spencer Strider,spencer strider
"Bender, Anthony",669622,2026,29,28.1,100,8.8,2,2.86,7,10.6,22.0,Bender,Anthony,-0.21,2.51,-0.63,-1.74,-1.65,1.0,Anthony Bender,anthony bender
"Bubic, Kris",663460,2026,9,50.1,180,12.6,0,4.11,0,7.6,26.1,Bubic,Kris,0.91,0.32,0.14,-0.92,-0.55,5.6,Kris Bubic,kris bubic
"Clarke, Taylor",664199,2026,31,29.2,101,6.1,0,2.12,11,6.8,20.9,Clarke,Taylor,-1.0,-0.26,-0.83,0.95,0.08,0.9,Taylor Clarke,taylor clarke
"Bradish, Kyle",680694,2026,14,73.1,282,12.1,0,4.3,0,5.5,25.3,Bradish,Kyle,0.76,-1.21,-0.01,0.34,0.23,5.2,Kyle Bradish,kyle bradish
"Halvorsen, Seth",678020,2026,16,15.2,61,16.4,0,3.45,2,7.6,24.8,Halvorsen,Seth,2.02,0.32,-0.1,-1.76,-1.3,1.0,Seth Halvorsen,seth halvorsen
"Herget, Jimmy",623474,2026,15,16.0,62,5.7,1,5.06,3,11.1,29.5,Herget,Jimmy,-1.11,2.88,0.78,-1.33,-0.38,1.1,Jimmy Herget,jimmy herget
"Sproat, Brandon",687075,2026,13,60.0,224,11.5,0,5.7,0,8.1,23.6,Sproat,Brandon,0.58,0.69,-0.33,-0.96,-0.9,4.6,Brandon Sproat,brandon sproat
"Miller, Erik",669062,2026,24,19.2,74,18.5,2,4.58,8,4.8,32.3,Miller,Erik,2.63,-1.72,1.3,-0.68,0.43,0.8,Erik Miller,erik miller
"Houser, Adrian",605288,2026,13,65.0,263,8.1,0,5.54,0,6.5,19.5,Houser,Adrian,-0.41,-0.48,-1.1,0.67,-0.3,5.0,Adrian Houser,adrian houser
"Sisk, Evan",681895,2026,25,29.0,102,9.2,0,1.86,3,7.2,25.8,Sisk,Evan,-0.09,0.03,0.08,0.05,0.09,1.2,Evan Sisk,evan sisk
"Kerkering, Orion",689147,2026,28,25.2,96,10.1,1,2.1,5,7.3,26.4,Kerkering,Orion,0.17,0.1,0.2,-0.21,-0.01,0.9,Orion Kerkering,orion kerkering
"Pallante, Andre",669467,2026,13,69.2,267,8.4,0,3.88,0,8.2,22.8,Pallante,Andre,-0.32,0.76,-0.48,-0.33,-0.56,5.3,Andre Pallante,andre pallante
"Soriano, George",666277,2026,30,28.2,104,8.5,2,2.83,9,7.1,31.3,Soriano,George,-0.29,-0.04,1.12,0.25,0.96,0.9,George Soriano,george soriano
"Mahle, Tyler",641816,2026,11,56.2,220,9.6,0,6.04,0,6.1,19.9,Mahle,Tyler,0.03,-0.78,-1.02,0.56,-0.32,5.1,Tyler Mahle,tyler mahle
"Henderson, Logan",701656,2026,5,23.0,84,6.7,0,2.74,0,11.0,28.7,Henderson,Logan,-0.82,2.81,0.63,-1.49,-0.6,4.6,Logan Henderson,logan henderson
"Montgomery, Mason",682254,2026,26,25.2,98,12.5,0,4.56,7,10.0,29.9,Montgomery,Mason,0.88,2.07,0.85,-2.22,-0.96,1.0,Mason Montgomery,mason montgomery
"Adams, Travis",701519,2026,10,13.1,56,9.7,2,7.43,1,9.9,27.9,Adams,Travis,0.06,2.0,0.48,-1.55,-0.75,1.3,Travis Adams,travis adams
"Ragans, Cole",666142,2026,8,35.1,127,15.2,0,4.84,0,5.9,31.7,Ragans,Cole,1.67,-0.92,1.19,-0.56,0.44,4.4,Cole Ragans,cole ragans
"Ashcraft, Graham",668933,2026,26,27.0,93,14.7,1,3.33,10,6.7,32.4,Ashcraft,Graham,1.52,-0.34,1.32,-0.89,0.3,1.0,Graham Ashcraft,graham ashcraft
"Lowder, Rhett",695076,2026,9,41.1,158,12.6,0,5.01,0,8.0,19.2,Lowder,Rhett,0.91,0.61,-1.15,-1.14,-1.6,4.6,Rhett Lowder,rhett lowder
"Hurt, Kyle",669165,2026,22,21.1,77,10.2,1,4.22,5,6.6,38.7,Hurt,Kyle,0.2,-0.41,2.5,0.15,1.85,1.0,Kyle Hurt,kyle hurt
"Strahm, Matt",621381,2026,22,21.1,83,7.7,0,4.64,9,11.0,23.4,Strahm,Matt,-0.53,2.81,-0.37,-1.72,-1.45,1.0,Matt Strahm,matt strahm
"Pfaadt, Brandon",694297,2026,13,38.0,148,9.9,0,5.92,2,6.4,24.5,Pfaadt,Brandon,0.12,-0.56,-0.16,0.33,0.12,2.9,Brandon Pfaadt,brandon pfaadt
"Cameron, Noah",702070,2026,12,65.2,255,6.2,0,3.84,0,6.4,24.3,Cameron,Noah,-0.97,-0.56,-0.2,1.15,0.66,5.4,Noah Cameron,noah cameron
"Peterson, David",656849,2026,14,61.0,252,9.1,1,5.75,1,6.7,22.3,Peterson,David,-0.12,-0.34,-0.57,0.34,-0.16,4.4,David Peterson,david peterson
"Abbott, Andrew",671096,2026,14,74.2,286,10.2,0,4.1,0,6.9,21.5,Abbott,Andrew,0.2,-0.19,-0.72,-0.01,-0.51,5.3,Andrew Abbott,andrew abbott
"Legumina, Casey",668984,2026,22,29.1,109,4.9,0,3.07,3,6.5,22.7,Legumina,Casey,-1.35,-0.48,-0.5,1.38,0.61,1.3,Casey Legumina,casey legumina
"Warren, Austin",681810,2026,17,23.1,85,11.2,0,2.7,0,6.2,27.1,Warren,Austin,0.5,-0.7,0.33,0.15,0.34,1.4,Austin Warren,austin warren
"Iglesias, Raisel",628452,2026,21,22.1,81,4.7,13,1.21,0,8.6,32.8,Iglesias,Raisel,-1.4,1.05,1.4,0.27,1.16,1.1,Raisel Iglesias,raisel iglesias
"Martin, Davis",663436,2026,13,78.1,291,5.4,0,2.41,0,8.2,27.6,Martin,Davis,-1.2,0.76,0.42,0.33,0.53,6.0,Davis Martin,davis martin
"McCullers Jr., Lance",621121,2026,8,39.1,148,12.8,0,6.86,0,6.8,27.8,McCullers Jr.,Lance,0.96,-0.26,0.46,-0.53,-0.05,4.9,Lance McCullers Jr.,lance mccullers
"Wheeler, Zack",554430,2026,9,56.2,198,5.6,0,2.22,0,6.2,26.6,Wheeler,Zack,-1.14,-0.7,0.23,1.39,1.13,6.2,Zack Wheeler,zack wheeler
"Soriano, José",667755,2026,14,82.0,296,11.7,0,2.96,0,6.1,33.2,Soriano,José,0.64,-0.78,1.47,0.1,1.1,5.9,José Soriano,jose soriano
"Varland, Gus",681402,2026,28,25.2,102,10.9,5,5.26,6,7.4,24.2,Varland,Gus,0.41,0.17,-0.22,-0.44,-0.46,0.9,Gus Varland,gus varland
"May, Dustin",669160,2026,13,72.2,273,6.6,0,4.21,0,7.2,21.2,May,Dustin,-0.85,0.03,-0.78,0.62,-0.11,5.6,Dustin May,dustin may
"Jansen, Kenley",445276,2026,18,15.0,53,14.5,7,4.8,1,7.6,29.7,Jansen,Kenley,1.46,0.32,0.82,-1.34,-0.37,0.8,Kenley Jansen,kenley jansen
"Martinez, Nick",607259,2026,13,77.2,299,4.1,0,2.43,0,7.3,18.2,Martinez,Nick,-1.58,0.1,-1.34,1.11,-0.16,5.9,Nick Martinez,nick martinez
"Rea, Colin",607067,2026,14,69.1,273,8.2,1,5.19,0,7.0,21.1,Rea,Colin,-0.38,-0.12,-0.8,0.38,-0.29,4.9,Colin Rea,colin rea
"Lord, Brad",695418,2026,20,43.0,161,6.7,1,2.3,5,8.3,22.3,Lord,Brad,-0.82,0.83,-0.57,-0.01,-0.41,2.2,Brad Lord,brad lord
"Ribalta, Orlando",687377,2026,19,19.1,65,9.5,2,1.86,3,6.2,23.4,Ribalta,Orlando,-0.0,-0.7,-0.37,0.53,0.11,1.0,Orlando Ribalta,orlando ribalta
"Senga, Kodai",673540,2026,5,20.0,83,13.4,0,9.0,0,7.1,29.0,Senga,Kodai,1.14,-0.04,0.68,-0.82,-0.1,4.0,Kodai Senga,kodai senga
"Funderburk, Kody",681892,2026,21,18.1,63,19.5,1,3.44,6,6.8,16.7,Funderburk,Kody,2.92,-0.26,-1.62,-2.0,-2.53,0.9,Kody Funderburk,kody funderburk
"Baz, Shane",669358,2026,14,82.0,311,9.0,0,4.06,0,7.2,21.0,Baz,Shane,-0.15,0.03,-0.82,0.09,-0.51,5.9,Shane Baz,shane baz
"Matsui, Yuki",673513,2026,13,19.2,62,11.8,0,1.83,0,5.6,41.5,Matsui,Yuki,0.67,-1.14,3.03,0.35,2.36,1.5,Yuki Matsui,yuki matsui
"Doval, Camilo",666808,2026,30,25.2,100,4.6,1,5.26,3,5.1,26.0,Doval,Camilo,-1.43,-1.51,0.12,2.21,1.63,0.8,Camilo Doval,camilo doval
"Bellozo, Valente",678368,2026,3,10.2,39,14.6,0,7.59,0,8.8,29.5,Bellozo,Valente,1.49,1.2,0.78,-2.02,-0.87,3.4,Valente Bellozo,valente bellozo
"Junis, Jakob",596001,2026,24,28.2,100,4.6,4,1.57,6,10.2,18.6,Junis,Jakob,-1.43,2.22,-1.27,-0.59,-1.3,1.2,Jakob Junis,jakob junis
"Sale, Chris",519242,2026,13,78.1,289,6.3,0,2.3,0,6.0,29.5,Sale,Chris,-0.94,-0.85,0.78,1.34,1.48,6.0,Chris Sale,chris sale
"Schlittler, Cam",693645,2026,14,82.0,298,4.4,0,1.87,0,7.7,27.5,Schlittler,Cam,-1.49,0.39,0.4,0.83,0.86,5.9,Cam Schlittler,cam schlittler
"Matz, Steven",571927,2026,12,47.1,182,9.3,0,5.89,0,7.6,22.6,Matz,Steven,-0.06,0.32,-0.52,-0.2,-0.5,3.9,Steven Matz,steven matz
"Melton, Troy",675512,2026,4,25.2,94,5.9,0,2.81,0,6.0,17.6,Melton,Troy,-1.05,-0.85,-1.45,1.43,-0.01,6.3,Troy Melton,troy melton
"Petty, Chase",695534,2026,3,11.1,43,6.3,0,6.35,0,10.4,16.3,Petty,Chase,-0.94,2.37,-1.7,-1.08,-1.94,3.7,Chase Petty,chase petty
"Hurter, Brant",676428,2026,21,25.1,86,11.9,0,2.84,1,7.8,20.5,Hurter,Brant,0.7,0.47,-0.91,-0.88,-1.25,1.2,Brant Hurter,brant hurter
"Kremer, Dean",665152,2026,2,11.0,41,4.7,0,4.09,0,7.4,35.4,Kremer,Dean,-1.4,0.17,1.88,0.93,1.96,5.5,Dean Kremer,dean kremer
"Farris, Mitch",815083,2026,12,27.1,106,10.9,0,2.96,1,7.3,28.3,Farris,Mitch,0.41,0.1,0.55,-0.38,0.12,2.3,Mitch Farris,mitch farris
"Dotel, Wilber",696062,2026,9,18.1,69,11.4,0,5.89,2,8.9,24.7,Dotel,Wilber,0.55,1.27,-0.12,-1.37,-1.04,2.0,Wilber Dotel,wilber dotel
"Keller, Brad",641745,2026,30,29.1,110,8.1,3,3.38,13,8.4,22.3,Keller,Brad,-0.41,0.91,-0.57,-0.37,-0.66,1.0,Brad Keller,brad keller
"Johnson, Pierce",572955,2026,24,22.0,82,8.7,1,3.27,4,9.5,24.4,Johnson,Pierce,-0.23,1.71,-0.18,-1.11,-0.9,0.9,Pierce Johnson,pierce johnson
"Griffin, Foster",656492,2026,14,78.0,292,6.5,0,3.46,0,5.9,24.1,Griffin,Foster,-0.88,-0.92,-0.23,1.36,0.78,5.6,Foster Griffin,foster griffin
"Pérez, Eury",691587,2026,12,62.2,231,10.6,0,4.6,0,8.4,29.1,Pérez,Eury,0.32,0.91,0.7,-0.92,-0.15,5.2,Eury Pérez,eury perez
"Morgan, Eli",669212,2026,14,17.1,74,9.5,1,5.19,0,7.6,25.0,Morgan,Eli,-0.0,0.32,-0.07,-0.24,-0.21,1.2,Eli Morgan,eli morgan
"Helsley, Ryan",664854,2026,12,10.2,39,15.2,7,2.53,0,6.3,41.2,Helsley,Ryan,1.67,-0.63,2.97,-0.78,1.53,0.8,Ryan Helsley,ryan helsley
"Burke, Brock",656271,2026,34,33.0,120,15.2,1,3.0,7,6.3,28.8,Burke,Brock,1.67,-0.63,0.65,-0.78,-0.09,1.0,Brock Burke,brock burke
"Flaherty, Jack",656427,2026,15,65.2,261,11.1,0,5.35,0,6.2,26.2,Flaherty,Jack,0.47,-0.7,0.16,0.18,0.23,4.3,Jack Flaherty,jack flaherty
"Schreiber, John",670167,2026,30,27.0,94,10.1,1,2.67,4,6.3,18.8,Schreiber,John,0.17,-0.63,-1.23,0.34,-0.62,0.9,John Schreiber,john schreiber
"Barlow, Scott",605130,2026,31,29.2,106,13.1,2,4.25,9,6.0,34.0,Barlow,Scott,1.05,-0.85,1.62,-0.15,1.02,0.9,Scott Barlow,scott barlow
"Winn, Keaton",676775,2026,29,30.2,108,7.6,1,3.23,11,7.0,24.5,Winn,Keaton,-0.56,-0.12,-0.16,0.51,0.24,1.0,Keaton Winn,keaton winn
"Fluharty, Mason",689254,2026,37,27.2,106,8.4,0,3.9,9,7.1,30.1,Fluharty,Mason,-0.32,-0.04,0.89,0.28,0.81,0.7,Mason Fluharty,mason fluharty
"Luzardo, Jesús",666200,2026,14,78.2,302,7.4,0,4.35,0,6.3,31.0,Luzardo,Jesús,-0.62,-0.63,1.06,0.94,1.39,5.6,Jesús Luzardo,jesus luzardo
"Ginkel, Kevin",656464,2026,29,26.2,100,6.5,0,2.7,4,6.7,31.0,Ginkel,Kevin,-0.88,-0.34,1.06,0.91,1.38,0.9,Kevin Ginkel,kevin ginkel
"Chapman, Aroldis",547973,2026,20,19.2,67,11.7,13,0.46,0,8.4,32.9,Chapman,Aroldis,0.64,0.91,1.42,-1.17,0.17,1.0,Aroldis Chapman,aroldis chapman
"Vásquez, Randy",681190,2026,13,69.1,264,6.9,0,3.63,0,8.6,21.9,Vásquez,Randy,-0.76,1.05,-0.65,-0.22,-0.6,5.3,Randy Vásquez,randy vasquez
"McClanahan, Shane",663556,2026,13,64.0,243,8.2,0,3.23,0,8.3,27.5,McClanahan,Shane,-0.38,0.83,0.4,-0.34,0.04,4.9,Shane McClanahan,shane mcclanahan
"Alvarado, José",621237,2026,30,24.0,100,7.8,1,5.25,8,5.4,30.9,Alvarado,José,-0.5,-1.29,1.04,1.34,1.66,0.8,José Alvarado,jose alvarado
"Gil, Luis",661563,2026,4,19.1,71,12.9,0,6.05,0,7.1,18.5,Gil,Luis,0.99,-0.04,-1.28,-0.71,-1.39,4.8,Luis Gil,luis gil
"Banks, Tanner",621383,2026,23,24.2,109,10.7,0,6.2,2,6.0,25.8,Banks,Tanner,0.35,-0.85,0.08,0.37,0.32,1.1,Tanner Banks,tanner banks
"Dion, Will",702021,2026,5,10.1,44,6.3,0,4.35,0,6.1,22.5,Dion,Will,-0.94,-0.78,-0.53,1.29,0.53,2.0,Will Dion,will dion
"Raley, Brooks",548384,2026,29,26.0,96,10.7,0,2.08,10,7.6,26.0,Raley,Brooks,0.35,0.32,0.12,-0.51,-0.27,0.9,Brooks Raley,brooks raley
"Bernardino, Brennan",657514,2026,33,28.0,107,6.6,0,4.18,3,7.0,23.4,Bernardino,Brennan,-0.85,-0.12,-0.37,0.73,0.25,0.8,Brennan Bernardino,brennan bernardino
"Anderson, Drew",623454,2026,25,43.2,166,9.6,2,3.92,4,7.2,28.9,Anderson,Drew,0.03,0.03,0.67,-0.04,0.43,1.7,Drew Anderson,drew anderson
"Yates, Kirby",489446,2026,13,11.1,43,10.0,1,4.76,0,7.4,29.7,Yates,Kirby,0.15,0.17,0.82,-0.24,0.4,0.9,Kirby Yates,kirby yates
"Montero, Keider",672456,2026,13,72.1,266,5.9,0,3.61,0,8.2,16.6,Montero,Keider,-1.05,0.76,-1.64,0.22,-0.99,5.5,Keider Montero,keider montero
"Lugo, Seth",607625,2026,14,79.1,304,7.5,0,3.86,0,8.5,18.3,Lugo,Seth,-0.59,0.98,-1.32,-0.3,-1.13,5.6,Seth Lugo,seth lugo
"Rogers, Tyler",643511,2026,33,32.0,115,7.9,2,1.97,15,8.5,14.9,Rogers,Tyler,-0.47,0.98,-1.96,-0.38,-1.63,1.0,Tyler Rogers,tyler rogers
"Domínguez, Seranthony",622554,2026,27,25.0,89,12.4,11,3.6,2,5.8,27.5,Domínguez,Seranthony,0.85,-0.99,0.4,0.11,0.36,0.9,Seranthony Domínguez,seranthony dominguez
"Yesavage, Trey",702056,2026,9,47.2,169,12.6,0,3.78,0,6.3,29.1,Yesavage,Trey,0.91,-0.63,0.7,-0.21,0.35,5.2,Trey Yesavage,trey yesavage
"Hill, Tim",657612,2026,32,26.1,101,5.4,0,4.1,8,11.6,12.8,Hill,Tim,-1.2,3.24,-2.35,-1.54,-2.72,0.8,Tim Hill,tim hill
"Henry, Cole",669371,2026,10,12.0,51,11.3,0,6.0,0,5.5,23.9,Henry,Cole,0.53,-1.21,-0.27,0.52,0.17,1.2,Cole Henry,cole henry
"Mikolas, Miles",571945,2026,14,61.0,243,6.1,0,5.9,0,5.9,16.6,Mikolas,Miles,-1.0,-0.92,-1.64,1.44,-0.14,4.4,Miles Mikolas,miles mikolas
"Smith, Cade",671922,2026,30,31.1,115,4.1,22,2.59,0,8.0,36.1,Smith,Cade,-1.58,0.61,2.02,0.73,1.91,1.0,Cade Smith,cade smith
"Wells, Tyler",669330,2026,25,33.0,120,6.1,0,3.55,8,10.0,28.6,Wells,Tyler,-1.0,2.07,0.61,-0.81,-0.14,1.3,Tyler Wells,tyler wells
"Corbin, Patrick",571578,2026,12,57.1,223,7.9,0,4.55,0,4.7,20.4,Corbin,Patrick,-0.47,-1.8,-0.93,1.71,0.54,4.8,Patrick Corbin,patrick corbin
"Fisher, Braydon",680755,2026,35,36.2,126,10.4,1,2.7,8,6.6,28.8,Fisher,Braydon,0.26,-0.41,0.65,0.11,0.53,1.0,Braydon Fisher,braydon fisher
"Leiter, Jack",683004,2026,14,76.0,296,9.9,0,4.97,0,6.7,25.5,Leiter,Jack,0.12,-0.34,0.03,0.17,0.14,5.4,Jack Leiter,jack leiter
"Castaño, Blas",680604,2026,8,18.1,68,7.8,0,3.93,0,9.1,21.6,Castaño,Blas,-0.5,1.42,-0.7,-0.69,-0.97,2.3,Blas Castaño,blas castano
"Nance, Tommy",667297,2026,22,23.0,84,8.6,0,3.52,1,6.0,25.3,Nance,Tommy,-0.26,-0.85,-0.01,0.84,0.58,1.0,Tommy Nance,tommy nance
"Buehler, Walker",621111,2026,13,62.1,241,8.3,0,4.33,0,9.1,19.0,Buehler,Walker,-0.35,1.42,-1.19,-0.8,-1.39,4.8,Walker Buehler,walker buehler
"Samaniego, Tyler",701719,2026,20,20.1,77,8.9,0,2.66,1,6.1,21.6,Samaniego,Tyler,-0.18,-0.78,-0.7,0.72,0.01,1.0,Tyler Samaniego,tyler samaniego
"Soto, Gregory",642397,2026,30,29.1,102,10.3,9,3.38,6,7.8,26.7,Soto,Gregory,0.23,0.47,0.25,-0.53,-0.19,1.0,Gregory Soto,gregory soto
"Smith, Burch",572143,2026,13,17.0,65,9.6,0,3.18,0,5.6,22.7,Smith,Burch,0.03,-1.14,-0.5,0.84,0.24,1.3,Burch Smith,burch smith
"Lovelady, Richard",663992,2026,27,27.1,104,14.8,4,2.96,5,6.6,23.8,Lovelady,Richard,1.55,-0.41,-0.29,-0.86,-0.8,1.0,Richard Lovelady,richard lovelady
"Morán, Jovani",663558,2026,21,33.0,116,11.2,0,3.0,1,7.5,32.5,Morán,Jovani,0.5,0.25,1.34,-0.56,0.54,1.6,Jovani Morán,jovani moran
"Uribe, Abner",682842,2026,25,23.2,89,10.0,5,3.8,7,4.5,25.0,Uribe,Abner,0.15,-1.94,-0.07,1.35,0.9,0.9,Abner Uribe,abner uribe
"Mattson, Isaac",676755,2026,21,19.2,75,11.5,0,4.12,7,7.3,19.7,Mattson,Isaac,0.58,0.1,-1.06,-0.52,-1.1,0.9,Isaac Mattson,isaac mattson
"Pérez, Cionel",672335,2026,21,22.2,86,11.3,0,5.16,5,7.8,22.8,Pérez,Cionel,0.53,0.47,-0.48,-0.75,-0.86,1.1,Cionel Pérez,cionel perez
"Perkins, Jack",678022,2026,19,36.0,144,7.3,3,6.25,2,6.4,29.1,Perkins,Jack,-0.64,-0.56,0.7,0.9,1.12,1.9,Jack Perkins,jack perkins
"Rogers, Trevor",669432,2026,12,60.0,243,7.5,0,6.15,0,7.7,21.5,Rogers,Trevor,-0.59,0.39,-0.72,0.14,-0.4,5.0,Trevor Rogers,trevor rogers
"Lodolo, Nick",666157,2026,7,38.0,142,8.8,0,5.21,0,5.2,21.5,Lodolo,Nick,-0.21,-1.43,-0.72,1.23,0.36,5.4,Nick Lodolo,nick lodolo
"Shugart, Chase",663767,2026,18,21.2,75,9.1,0,3.32,0,6.4,21.1,Shugart,Chase,-0.12,-0.56,-0.8,0.51,-0.2,1.2,Chase Shugart,chase shugart
"Bidois, Brandan",684049,2026,12,13.1,49,17.5,0,4.05,0,9.9,35.4,Bidois,Brandan,2.34,2.0,1.88,-3.27,-0.97,1.1,Brandan Bidois,brandan bidois
"Lambert, Peter",663567,2026,10,57.0,208,10.5,0,3.47,0,6.6,25.4,Lambert,Peter,0.29,-0.41,0.01,0.09,0.07,5.7,Peter Lambert,peter lambert
"Sheehan, Emmet",686218,2026,12,59.1,227,6.5,0,4.7,0,8.6,29.9,Sheehan,Emmet,-0.88,1.05,0.85,-0.13,0.5,4.9,Emmet Sheehan,emmet sheehan
"Jax, Griffin",643377,2026,19,39.0,141,11.0,0,4.15,2,7.1,30.4,Jax,Griffin,0.44,-0.04,0.95,-0.3,0.45,2.1,Griffin Jax,griffin jax
"Bowlan, Jonathan",680742,2026,20,20.2,77,4.8,0,3.92,1,6.8,31.5,Bowlan,Jonathan,-1.38,-0.26,1.15,1.23,1.67,1.0,Jonathan Bowlan,jonathan bowlan
"Franco, Jose",683742,2026,9,16.2,64,17.7,0,5.4,1,8.3,21.2,Franco,Jose,2.4,0.83,-0.78,-2.43,-2.24,1.8,Jose Franco,jose franco
"Mantiply, Joe",573009,2026,17,17.2,63,5.6,0,2.04,0,7.6,16.8,Mantiply,Joe,-1.14,0.32,-1.6,0.62,-0.69,1.0,Joe Mantiply,joe mantiply
"Freeland, Kyle",607536,2026,11,53.0,229,6.3,0,7.81,0,6.8,22.5,Freeland,Kyle,-0.94,-0.26,-0.53,0.9,0.26,4.8,Kyle Freeland,kyle freeland
"deGrom, Jacob",594798,2026,13,70.2,266,5.3,0,3.18,0,6.4,33.4,deGrom,Jacob,-1.23,-0.56,1.51,1.34,1.99,5.4,Jacob deGrom,jacob degrom
"Sims, Lucas",608371,2026,9,10.0,35,15.2,0,4.5,2,9.9,21.6,Sims,Lucas,1.67,2.0,-0.7,-2.76,-2.42,1.1,Lucas Sims,lucas sims
"Webb, Logan",657277,2026,11,67.1,254,6.8,0,3.88,0,5.4,21.0,Webb,Logan,-0.79,-1.29,-0.82,1.56,0.52,6.1,Logan Webb,logan webb
"Medina, Luis",665622,2026,22,29.2,112,9.6,0,3.03,3,6.8,30.6,Medina,Luis,0.03,-0.26,0.98,0.18,0.81,1.3,Luis Medina,luis medina
"Wolfram, Grant",664991,2026,24,19.0,82,2.3,0,4.26,7,8.3,26.5,Wolfram,Grant,-2.11,0.83,0.22,0.96,0.82,0.8,Grant Wolfram,grant wolfram
"Pomeranz, Drew",519141,2026,24,21.1,84,12.0,0,5.06,7,7.1,23.1,Pomeranz,Drew,0.73,-0.04,-0.42,-0.52,-0.65,0.9,Drew Pomeranz,drew pomeranz
"Bassitt, Chris",605135,2026,12,56.1,228,8.4,0,5.27,0,7.3,21.2,Bassitt,Chris,-0.32,0.1,-0.78,0.17,-0.43,4.7,Chris Bassitt,chris bassitt
"Cabrera, Edward",665795,2026,12,63.0,241,8.6,0,4.86,0,6.6,27.1,Cabrera,Edward,-0.26,-0.41,0.33,0.51,0.58,5.2,Edward Cabrera,edward cabrera
"Poulin, PJ",676571,2026,25,24.2,89,15.1,2,3.28,4,6.6,16.0,Poulin,PJ,1.64,-0.41,-1.75,-0.92,-1.87,1.0,PJ Poulin,pj poulin
"Abel, Mick",690953,2026,4,20.1,80,10.8,0,3.98,0,6.7,28.8,Abel,Mick,0.38,-0.34,0.65,-0.03,0.43,5.0,Mick Abel,mick abel
"Fairbanks, Pete",664126,2026,21,19.0,72,12.8,8,6.63,2,7.0,28.7,Fairbanks,Pete,0.96,-0.12,0.63,-0.64,-0.01,0.9,Pete Fairbanks,pete fairbanks
"Hart, Kyle",606996,2026,12,16.2,58,8.8,0,5.4,4,6.9,17.2,Hart,Kyle,-0.21,-0.19,-1.53,0.3,-0.86,1.3,Kyle Hart,kyle hart
"Newcomb, Sean",656794,2026,26,39.1,141,6.4,1,2.29,5,8.2,24.7,Newcomb,Sean,-0.91,0.76,-0.12,0.11,-0.01,1.5,Sean Newcomb,sean newcomb
"Boyle, Joe",671212,2026,3,15.2,58,9.1,0,5.17,0,7.2,26.4,Boyle,Joe,-0.12,0.03,0.2,0.07,0.18,5.1,Joe Boyle,joe boyle
"Springs, Jeffrey",605488,2026,14,75.0,292,7.2,0,4.68,0,7.0,21.9,Springs,Jeffrey,-0.67,-0.12,-0.65,0.6,-0.04,5.4,Jeffrey Springs,jeffrey springs
"Armstrong, Shawn",542888,2026,21,19.0,67,12.8,0,3.32,5,6.7,29.1,Armstrong,Shawn,0.96,-0.34,0.7,-0.47,0.16,0.9,Shawn Armstrong,shawn armstrong
"Garcia, Brandyn",805299,2026,17,14.2,49,7.1,0,3.07,5,13.3,21.8,Garcia,Brandyn,-0.7,4.49,-0.67,-2.85,-2.45,0.8,Brandyn Garcia,brandyn garcia
"Weissert, Greg",669711,2026,28,25.2,100,8.0,0,3.86,4,6.1,23.6,Weissert,Greg,-0.44,-0.78,-0.33,0.91,0.41,0.9,Greg Weissert,greg weissert
"Bazardo, Eduard",660825,2026,32,30.2,112,8.5,0,2.35,12,6.0,21.0,Bazardo,Eduard,-0.29,-0.85,-0.82,0.86,0.03,0.9,Eduard Bazardo,eduard bazardo
"Latz, Jacob",656641,2026,25,32.0,108,6.0,10,1.69,2,5.6,29.8,Latz,Jacob,-1.02,-1.14,0.83,1.63,1.72,1.3,Jacob Latz,jacob latz
"Misiorowski, Jacob",694819,2026,14,87.0,299,6.7,0,1.34,0,7.6,38.3,Misiorowski,Jacob,-0.82,0.32,2.43,0.38,1.96,6.2,Jacob Misiorowski,jacob misiorowski
"Pagán, Emilio",641941,2026,15,14.0,53,9.7,6,6.43,0,6.1,25.4,Pagán,Emilio,0.06,-0.78,0.01,0.54,0.38,0.9,Emilio Pagán,emilio pagan
"Drohan, Shane",675660,2026,13,37.2,141,7.1,1,3.11,2,8.3,27.1,Drohan,Shane,-0.7,0.83,0.33,-0.1,0.16,2.9,Shane Drohan,shane drohan
"Thompson, Ryan",657044,2026,28,23.2,88,8.2,0,2.28,5,5.2,17.4,Thompson,Ryan,-0.38,-1.43,-1.49,1.37,-0.09,0.8,Ryan Thompson,ryan thompson
