Name,Team,Level,Age,W,L,ERA,G,GS,CG,ShO,SV,BS,HLD,IP,TBF,H,R,ER,HR,BB,IBB,HBP,WP,BK,SO,PlayerId
"Brayan Cabello","SFG","DSL",22,2,0,0,2,0,0,0,0,0,0,4.2,14,1,0,0,0,1,0,0,0,0,3,"sa3018304"
"Andy Encarnacion","ARI","DSL",21,0,0,7.363629500734405,2,0,0,0,0,0,0,3.2,19,6,3,3,1,2,0,0,2,0,2,"sa3018498"
"Joldelanio De Los Santos","LAD","DSL",22,0,0,27.000066787169676,2,0,0,0,0,0,0,1.1,11,1,7,4,1,4,0,1,3,0,3,"sa3018804"
"Donal Montas","DET","DSL",24,1,0,0,2,0,0,0,0,0,0,4.1,14,0,0,0,0,0,0,1,0,0,2,"sa3019394"
"Carlos Hampshire","NYY","DSL",21,0,0,23.624969724604544,1,1,0,0,0,0,0,2.2,15,3,7,7,1,4,0,1,0,0,3,"sa3020971"
"Luis Vasquez","DET","DSL",21,1,1,9.818172667645873,2,0,0,0,0,0,0,3.2,18,6,4,4,0,1,0,0,1,0,4,"sa3021001"
"Luis Porfirio","MIA","DSL",20,0,0,2.0769246005458837,2,0,0,0,0,0,0,4.1,18,3,2,1,1,1,0,1,1,0,7,"sa3021015"
"Rainy Mota","PHI","DSL",20,0,0,0,1,0,0,0,0,0,0,1.2,5,0,0,0,0,0,0,0,0,0,3,"sa3021024"
"Junior Suarez","KCR","DSL",21,1,0,3.85714850621175,1,0,0,0,0,0,0,2.1,9,1,1,1,0,2,0,0,0,0,2,"sa3021031"
"Abelardo Medrano","DET","DSL",20,0,1,6.749991349887012,2,0,0,0,0,1,0,2.2,15,4,3,2,0,1,0,0,1,0,3,"sa3021184"
"Moises Semerite","ATL","DSL",20,0,0,13.500033393584838,1,0,0,0,0,0,0,1.1,7,1,2,2,1,1,0,1,0,0,0,"sa3021246"
"Osvaldo Heredia","MIA","DSL",20,0,0,32.399935884602584,1,0,0,0,0,0,0,1.2,12,2,6,6,0,4,0,1,1,0,0,"sa3021282"
"Ismael Cabral","TBR","DSL",22,2,0,0,2,0,0,0,0,0,0,5,19,3,1,0,0,3,0,0,2,0,4,"sa3021481"
"Jesus Lopez","SFG","DSL",21,0,0,7.2,2,0,0,0,0,0,0,5,24,8,4,4,2,2,0,0,0,0,3,"sa3021529"
"Frainer Mejias","SFG","DSL",20,2,0,1.8,2,0,0,0,0,0,0,5,21,1,1,1,0,4,0,2,1,0,6,"sa3021535"
"Eddy Peralta","TEX","DSL",23,0,1,10.124987024830519,2,0,0,0,1,1,0,2.2,19,2,7,3,0,7,0,1,3,1,4,"sa3021757"
"Stiveen Rojas","MIA","DSL",19,0,0,6.749991349887012,1,1,0,0,0,0,0,2.2,14,2,2,2,0,5,0,0,3,0,2,"sa3021775"
"Daiher Hernandez","CLE","DSL",20,0,0,3,1,0,0,0,0,0,0,3,12,0,1,1,0,3,0,0,2,0,4,"sa3021811"
"Ericksson De Los Santos","DET","DSL",20,0,0,0,1,0,0,0,0,0,0,1.1,5,0,0,0,0,1,0,0,0,0,1,"sa3021823"
"Greudis De Los Santos","ARI","DSL",20,0,0,0,1,0,0,0,0,0,0,1.1,4,0,0,0,0,0,0,0,0,0,2,"sa3022012"
"Randry De Leon","SFG","DSL",20,0,1,12,1,1,0,0,0,0,0,3,16,6,4,4,0,2,0,0,0,0,2,"sa3022025"
"Bayant Melo","MIA","DSL",21,1,0,1.5,2,0,0,0,0,0,0,6,20,3,1,1,0,0,0,0,0,0,6,"sa3022028"
"Esteban Dicent","BAL","DSL",23,0,0,2.700002768042541,2,0,0,0,1,0,0,3.1,15,1,1,1,0,3,0,1,0,0,5,"sa3022033"
"Carlos Gonzalez","KCR","DSL",20,0,0,0,1,1,0,0,0,0,0,4,15,2,0,0,0,1,0,0,2,0,4,"sa3022036"
"Alvin Veras","OAK","DSL",20,0,0,1.8,1,1,0,0,0,0,0,5,21,4,2,1,0,2,0,0,1,0,2,"sa3022216"
"Richard Jimenez","MIA","DSL",21,0,0,9,1,0,0,0,0,0,0,2,9,2,2,2,0,1,0,0,2,0,3,"sa3022335"
"Bryan Landaez","CHC","DSL",21,0,1,6,2,0,0,0,1,0,0,3,16,2,2,2,0,5,0,0,0,1,4,"sa3022421"
"Samuel Carmona","KCR","DSL",21,1,0,5.399989314100431,1,0,0,0,0,0,0,1.2,7,3,1,1,0,0,0,0,0,0,1,"sa3023050"
"Yolvin Mesa","TBR","DSL",20,0,1,5.06250301748694,2,0,0,0,0,1,1,5.1,24,5,4,3,0,2,0,1,1,0,8,"sa3023690"
"Angel Herrera","PIT","DSL",18,1,0,0,1,0,0,0,0,0,0,2.1,11,2,0,0,0,2,0,0,1,0,2,"sa3023694"
"Frank Chessman","TBR","DSL",19,0,0,0,1,0,0,0,0,0,0,0.1,1,0,0,0,0,0,0,0,0,0,0,"sa3023697"
"Mathias Sato","SEA","DSL",19,0,0,4.5,1,0,0,0,0,0,0,2,10,2,1,1,0,0,0,2,1,0,2,"sa3023699"
"Dariel Morillo","DET","DSL",19,0,0,0,2,0,0,0,0,0,0,1,3,0,0,0,0,0,0,0,0,0,0,"sa3023700"
"Ronald Tejada","NYY","DSL",19,0,0,13.5,2,0,0,0,0,0,1,2,10,0,3,3,0,4,0,1,3,0,3,"sa3023705"
"Gregori Arias","MIA","DSL",19,0,0,27,1,0,0,0,0,0,0,1,7,3,3,3,0,0,0,1,1,0,0,"sa3023734"
"Jesus Lizardo","PIT","DSL",19,0,1,26.99986401268786,1,0,0,0,0,1,0,0.2,6,3,3,2,0,1,0,0,0,0,1,"sa3023753"
"Junior Tavera","NYY","DSL",19,0,1,7.363629500734405,1,1,0,0,0,0,0,3.2,20,4,3,3,1,4,0,1,1,0,5,"sa3023813"
"Jose Meza","SFG","DSL",20,0,0,81.00080869409182,1,0,0,0,0,0,0,0.1,6,2,3,3,0,3,0,0,0,0,0,"sa3023816"
"Charlie Zink","BOS","DSL",20,0,0,13.49993200634393,1,0,0,0,0,0,0,0.2,6,0,1,1,0,4,0,0,1,0,1,"sa3023827"
"Ricardo Guzman","TBR","DSL",21,0,0,2.700002768042541,2,0,0,0,0,0,0,3.1,16,2,1,1,0,3,0,0,3,0,8,"sa3023830"
"Franniel Reynoso","WSN","DSL",19,0,0,16.199967942301292,1,1,0,0,0,0,0,1.2,9,0,3,3,0,3,0,2,1,0,2,"sa3023832"
"Victor Espiritu","TOR","DSL",21,0,1,6.352937612568568,2,1,0,0,0,0,0,5.2,23,6,4,4,0,2,0,0,1,0,5,"sa3023847"
"Jose Silvestre","TEX","DSL",19,0,0,4.5,1,1,0,0,0,0,0,4,15,2,2,2,0,1,0,0,1,0,4,"sa3023849"
"Elkyns Villarreal","SFG","DSL",19,0,1,9.818172667645873,2,0,0,0,0,1,0,3.2,17,3,5,4,0,3,0,0,1,0,6,"sa3023850"
"Josue Henrique","COL","DSL",19,1,0,0,2,0,0,0,0,0,0,1.2,9,3,0,0,0,1,0,0,0,0,3,"sa3023853"
"Robert Terrero","ARI","DSL",19,0,0,36,1,0,0,0,0,0,0,0,5,2,4,4,1,2,0,1,2,0,0,"sa3023858"
"Lender Bracho","SFG","DSL",21,0,0,0,1,0,0,0,0,0,0,2,8,1,1,0,0,1,0,1,0,0,1,"sa3023866"
"Danny Martinez","TOR","DSL",20,0,0,0,1,0,0,0,0,0,0,0.2,5,0,0,0,0,3,0,0,0,0,0,"sa3023870"
"Brayan Amoroso","STL","DSL",18,1,0,16.199967942301292,2,0,0,0,0,1,0,1.2,11,5,4,3,1,1,0,0,1,0,2,"sa3023910"
"Samuel Estevez","MIA","DSL",19,0,0,0,2,0,0,0,0,0,0,1,3,0,0,0,0,0,0,0,0,0,1,"sa3023924"
"Jose Marcano","TEX","DSL",19,0,1,9,1,0,0,0,0,1,0,0,2,2,1,1,0,0,0,0,0,0,0,"sa3023953"
"Juan Colorado","SFG","DSL",19,0,0,13.500033393584838,1,0,0,0,0,0,0,1.1,10,2,2,2,0,3,0,1,0,0,1,"sa3023954"
"Johan Cabeza","CIN","DSL",19,0,0,0,1,1,0,0,0,0,0,4.1,15,2,0,0,0,2,0,0,0,0,4,"sa3024075"
"Carlos Canales","MIL","DSL",20,0,1,36,1,0,0,0,0,0,0,1,8,4,4,4,0,0,0,1,2,0,2,"sa3024076"
"Oliver Sirotti","OAK","DSL",19,0,1,5.400005536085082,2,0,0,0,1,0,0,3.1,15,5,2,2,0,3,1,0,1,2,2,"sa3024082"
"Jhostin Betances","LAA","DSL",19,1,0,5.4,1,1,0,0,0,0,0,5,24,7,3,3,0,2,0,2,2,0,2,"sa3024083"
"Oniel Diaz","CIN","DSL",20,0,0,4.5,2,2,0,0,0,0,0,8,31,3,4,4,1,2,0,1,0,0,9,"sa3024089"
"Wilmer Lugo","NYM","DSL",20,0,0,0,2,0,0,0,1,0,1,2.1,10,0,0,0,0,3,0,0,1,0,3,"sa3024204"
"Ricardo Ramirez","TBR","DSL",20,0,0,0,1,0,0,0,0,0,0,0.1,2,0,0,0,0,1,0,0,1,0,1,"sa3024216"
"Neftali Taveras","KCR","DSL",21,0,0,0,2,0,0,0,1,0,0,1.2,6,2,0,0,0,0,0,0,1,0,1,"sa3024224"
"Carlos Beras","KCR","DSL",21,0,0,0,1,0,0,0,0,0,0,2,7,0,0,0,0,2,0,0,0,0,2,"sa3024233"
"Maxgregori Harvey","NYM","DSL",19,0,0,0,1,1,0,0,0,0,0,2,6,0,0,0,0,0,0,0,0,0,5,"sa3024258"
"Jhonny Aranguren","TBR","DSL",19,1,0,0,2,0,0,0,0,0,0,3.1,12,1,0,0,0,3,0,0,0,0,4,"sa3024259"
"Christopher Peralta","MIL","DSL",19,0,0,0,1,0,0,0,0,0,0,0.2,3,0,1,0,0,2,0,0,0,0,0,"sa3024261"
"Carlos Rangel","CHC","DSL",20,0,0,10.124987024830519,2,0,0,0,1,1,0,2.2,15,2,3,3,0,4,0,1,0,0,5,"sa3024283"
"Ariel De La Cruz","CIN","DSL",20,1,0,9,1,0,0,0,0,0,0,3,13,5,3,3,0,2,0,0,0,0,2,"sa3024287"
"Juan Martinez","CHW","DSL",19,0,1,20.250050090377258,2,0,0,0,0,1,0,1.1,13,4,7,3,0,2,0,1,1,0,1,"sa3024370"
"Raul Trujillo","CLE","DSL",19,1,0,3.8571402296745916,2,0,0,0,0,0,0,4.2,21,7,3,2,0,1,0,0,0,0,4,"sa3024458"
"Delvis Heredia","SFG","DSL",21,0,0,4.5,2,0,0,0,0,0,0,2,11,1,1,1,0,5,0,0,1,0,3,"sa3024524"
"Jhon Leon","SFG","DSL",22,0,0,0,3,0,0,0,1,0,0,3,13,2,0,0,0,2,0,0,0,0,4,"sa3024525"
"Wandy Cabrera","MIL","DSL",20,0,0,0,2,0,0,0,0,0,0,2.2,9,2,0,0,0,0,0,0,0,0,2,"sa3024527"
"Jordin Jhonni","KCR","DSL",21,0,0,0,1,1,0,0,0,0,0,3,11,0,0,0,0,2,0,0,1,0,2,"sa3024534"
"Maximo Gonzalez","COL","DSL",19,0,0,27,2,0,0,0,0,0,0,3,23,14,9,9,1,2,0,0,0,0,2,"sa3024541"
"Franyer Mendez","CIN","DSL",19,0,1,15.428594024847,1,1,0,0,0,0,0,2.1,14,4,4,4,0,3,0,0,0,1,1,"sa3024544"
"Stiven Rogers","ARI","DSL",19,1,0,1.5,2,1,0,0,0,0,0,6,22,4,2,1,0,2,0,0,1,0,7,"sa3024560"
"Carlos Ochoa","MIA","DSL",19,0,0,0,1,1,0,0,0,0,0,2,6,0,0,0,0,0,0,0,0,0,1,"sa3024561"
"Leyvi Rodriguez","NYM","DSL",20,0,0,0,1,1,0,0,0,0,0,3.2,16,1,0,0,0,3,0,1,1,0,3,"sa3024563"
"Anderson Jimenez","SEA","DSL",18,0,0,17.181802168380276,2,0,0,0,0,1,1,3.2,20,5,8,7,1,3,0,0,2,0,4,"sa3024571"
"Franyerson Reyes","DET","DSL",19,0,0,8.100008304127623,1,1,0,0,0,0,0,3.1,16,6,3,3,0,1,0,0,1,0,1,"sa3024586"
"Erick Lanza","SEA","DSL",19,0,0,13.499982699774025,1,1,0,0,0,0,0,2.2,16,7,4,4,1,1,0,0,1,0,3,"sa3024589"
"Yadiel Ramon","COL","DSL",18,0,0,0,1,0,0,0,0,0,0,2.2,12,3,1,0,0,2,0,0,0,0,3,"sa3024600"
"Justin Lugo","MIL","DSL",20,0,0,0,2,0,0,0,0,0,0,3.1,10,2,0,0,0,2,0,0,0,0,3,"sa3024601"
"Marlon Quintana","PIT","DSL",20,0,0,4.5,1,1,0,0,0,0,0,2,9,2,1,1,0,3,0,0,0,0,3,"sa3024603"
"Varis Villarreal","NYY","DSL",20,0,2,10.799978628200861,2,0,0,0,0,2,0,1.2,8,3,2,2,0,1,0,0,0,0,3,"sa3024622"
"Yunny Tovar","SDP","DSL",19,0,0,13.499982699774025,1,1,0,0,0,0,0,2.2,15,3,5,4,2,5,0,0,0,0,4,"sa3024648"
"Darling Reyes","WSN","DSL",21,0,0,0,1,0,0,0,0,0,0,1,4,2,0,0,0,0,0,0,0,0,1,"sa3024770"
"Rene Yrish","PHI","DSL",19,0,1,36,2,0,0,0,0,1,0,1,10,4,5,4,0,2,0,0,1,0,2,"sa3024774"
"Paul Hoff","MIL","DSL",19,0,0,5.400005536085082,1,0,0,0,0,0,0,3.1,16,5,2,2,0,1,0,0,1,0,1,"sa3024777"
"Lukas Gonzalez","MIL","DSL",19,1,0,0,2,0,0,0,0,0,0,2.2,9,0,0,0,0,0,0,0,1,0,2,"sa3024778"
"Jean Rodriguez","MIL","DSL",19,0,0,16.199967942301292,1,0,0,0,0,0,1,1.2,11,1,3,3,0,5,0,0,2,0,2,"sa3024779"
"Jose Cruz","CLE","DSL",21,0,0,5.399989314100431,1,0,0,0,0,0,0,1.2,9,2,1,1,0,2,0,0,0,1,1,"sa3024843"
"Jonaikel Meza","CLE","DSL",19,0,1,13.499982699774025,1,0,0,0,0,0,0,2.2,16,7,4,4,0,1,0,0,0,0,4,"sa3024849"
"Juan Ramirez","TOR","DSL",20,0,0,0,2,0,0,0,0,0,0,3.1,12,1,0,0,0,1,0,0,0,0,7,"sa3024851"
"Manuel Marchan","CIN","DSL",19,0,0,0,1,0,0,0,0,0,0,1.1,10,1,3,0,0,3,0,1,0,0,2,"sa3024869"
"Erich Tovar","CLE","DSL",19,1,0,0,2,0,0,0,0,0,0,4,15,2,3,0,0,0,0,0,1,0,2,"sa3024871"
"Rey Feliz","CLE","DSL",19,0,0,9,2,0,0,0,0,0,0,2,11,4,2,2,0,2,0,0,1,0,1,"sa3024874"
"Josue Silvestre","NYY","DSL",21,0,0,2.700002768042541,2,0,0,0,0,0,0,3.1,14,0,1,1,0,3,0,1,1,0,2,"sa3024875"
"Oliver Del Rosario","KCR","DSL",21,0,0,2.4545431669114683,2,0,0,0,0,0,0,3.2,16,2,1,1,0,2,0,1,2,0,4,"sa3024888"
"Dariel Florentino","PIT","DSL",20,0,0,4.909086413624049,2,0,0,0,1,0,1,3.2,17,3,2,2,0,4,0,0,0,1,0,"sa3024894"
"Mauricio Vargas","NYY","DSL",19,0,0,19.285742531058748,2,0,0,0,0,0,0,2.1,12,1,5,5,0,4,0,0,2,0,4,"sa3024895"
"Juan Rivera","KCR","DSL",19,0,1,0,1,1,0,0,0,0,0,2.2,15,3,1,0,0,3,0,0,1,0,3,"sa3024917"
"Kevin Santana","HOU","DSL",19,0,0,26.99986401268786,1,1,0,0,0,0,0,0.2,7,0,2,2,0,4,0,1,1,0,1,"sa3024923"
"Luis Plicet","OAK","DSL",19,0,0,81.00080869409182,1,0,0,0,0,0,0,0.1,5,2,3,3,0,1,0,1,1,0,0,"sa3024924"
"Christian Saez","STL","DSL",19,0,0,0,1,0,0,0,1,0,0,0.1,1,0,0,0,0,0,0,0,0,0,0,"sa3024955"
"Enmanuel Carela","WSN","DSL",19,0,1,9,1,1,0,0,0,0,0,2,8,1,2,2,1,1,0,0,0,0,2,"sa3024966"
"Oscar Vasquez","NYY","DSL",21,0,0,0,2,0,0,0,0,0,0,2.1,12,2,0,0,0,3,0,0,0,0,1,"sa3024969"
"Ransel Cruz","TBR","DSL",20,1,0,0,1,0,0,0,0,0,0,1,3,1,0,0,0,0,0,0,0,0,1,"sa3025011"
"Luis Ilarraza","NYY","DSL",19,0,0,26.99986401268786,1,0,0,0,0,0,1,0.2,4,1,2,2,0,1,0,0,1,0,0,"sa3025014"
"Emanuel Vargas","NYY","DSL",20,0,0,10.384623002729418,2,0,0,0,0,0,0,4.1,23,6,6,5,0,2,0,2,2,0,8,"sa3025022"
"Luis Carrasco","ARI","DSL",21,0,0,0,2,0,0,0,0,0,0,2.1,11,0,3,0,0,3,0,0,1,0,4,"sa3025023"
"Omar Calcurian","SFG","DSL",21,1,0,1.9285701148372958,2,0,0,0,0,0,0,4.2,18,1,1,1,1,2,0,1,0,0,6,"sa3025025"
"Marco Eluscat","SDP","DSL",19,0,0,7.7142970124235,1,0,0,0,0,0,1,2.1,16,3,4,2,0,4,0,1,0,0,3,"sa3025026"
"Henry Ramirez","BAL","DSL",20,0,0,0,1,0,0,0,0,0,0,1,3,0,0,0,0,0,0,0,0,0,2,"sa3025037"
"Yunier De Jesus","TEX","DSL",20,0,0,35.99999892711642,2,0,0,0,0,0,0,1,9,4,4,4,1,2,0,0,0,0,0,"sa3025074"
"Dalvin Bodre","MIL","DSL",19,1,0,0,2,0,0,0,0,0,0,3,14,1,1,0,0,3,0,1,1,0,3,"sa3025081"
"Michael Gil","CIN","DSL",21,0,0,18,1,0,0,0,0,0,0,1,6,2,2,2,0,1,0,0,0,0,1,"sa3025082"
"David De Los Santos","BAL","DSL",20,0,0,8.307698402183535,2,0,0,0,0,0,0,4.1,22,7,4,4,0,3,0,1,0,0,2,"sa3025094"
"Ruben Saldana","MIL","DSL",20,0,0,6.75,2,0,0,0,1,0,0,4,20,9,5,3,0,0,0,0,0,0,4,"sa3025095"
"Anthony Aquino","CIN","DSL",20,0,0,26.99986401268786,1,0,0,0,0,0,0,0.2,5,1,2,2,0,2,0,0,0,0,0,"sa3025108"
"Alvaro Carrillo","NYM","DSL",21,0,0,9,2,0,0,0,0,1,0,3,17,2,4,3,0,4,0,2,3,0,3,"sa3025127"
"Gabriel Paez","TBR","DSL",19,0,0,0,1,1,0,0,0,0,0,4,14,3,0,0,0,0,0,0,0,0,4,"sa3025143"
"Samuel Bello","ARI","DSL",21,0,1,20.2499749549043,2,0,0,0,0,1,0,2.2,18,5,6,6,1,3,0,1,2,1,5,"sa3025144"
"Gustavo De La Cruz","ARI","DSL",20,0,0,9,2,0,0,0,0,0,0,2,12,3,3,2,0,2,0,1,1,0,5,"sa3025150"
"Allen Ajoti","LAD","DSL",20,1,0,20.250050090377258,2,0,0,0,0,0,0,1.1,8,2,3,3,0,1,0,1,1,0,0,"sa3025172"
"Geremias Pena","ARI","DSL",19,1,0,3.6,2,0,0,0,0,0,0,5,22,4,3,2,0,2,0,2,1,0,10,"sa3025191"
"Alberto Toribio","KCR","DSL",19,0,0,0,1,1,0,0,0,0,0,4,14,3,0,0,0,1,0,0,0,0,5,"sa3025239"
"Luis Hernandez","SFG","DSL",20,0,0,6,2,1,0,0,0,0,0,3,21,2,2,2,0,8,0,2,2,0,3,"sa3025447"
"Luis Yepes","CIN","DSL",20,0,0,3,1,0,0,0,0,0,1,3,15,3,1,1,0,2,0,0,0,0,0,"sa3025464"
"Christopher Rochin","NYM","DSL",19,0,0,2.700002768042541,1,1,0,0,0,0,0,3.1,12,2,1,1,0,2,0,0,0,0,3,"sa3025466"
"Shai Romero","LAD","DSL",18,0,0,13.5,2,0,0,0,0,0,1,2,13,3,3,3,0,4,0,0,2,0,3,"sa3067273"
"Joseph Deng Thon","LAD","DSL",18,0,0,54.00053912939454,1,0,0,0,0,0,0,0.1,3,0,2,2,0,1,0,1,0,0,0,"sa3067274"
"Dani Richar","BOS","DSL",20,0,0,6,1,0,0,0,0,0,0,3,16,2,2,2,0,6,0,0,2,0,2,"sa3067561"
"Kauriel Leon","LAA","DSL",19,0,0,18,2,0,0,0,0,1,0,2,16,4,6,4,0,4,1,1,3,0,2,"sa3067562"
"Daniel Gomez","STL","DSL",18,0,0,0,1,1,0,0,0,0,0,2.2,11,2,1,0,0,2,0,0,0,0,1,"sa3067564"
"Ranci Castillo","BOS","DSL",19,1,0,0,1,0,0,0,0,0,0,2.1,9,0,0,0,0,2,0,0,0,0,2,"sa3067568"
"Maickol Reyes","PIT","DSL",18,0,0,5.399989314100431,1,1,0,0,0,0,0,1.2,8,1,1,1,0,3,0,0,0,0,1,"sa3067569"
"Asael Arias","BAL","DSL",20,1,0,0,1,0,0,0,0,0,0,2,8,0,0,0,0,2,0,0,0,0,1,"sa3067570"
"Laurens Sosa","BAL","DSL",18,0,0,3.374995674943506,2,0,0,0,0,0,1,2.2,15,4,2,1,0,4,0,0,2,0,1,"sa3067571"
"Carlos Luces","KCR","DSL",19,0,0,13.49993200634393,1,0,0,0,0,0,0,0.2,6,0,1,1,0,4,0,0,1,0,2,"sa3067573"
"Jorge Mitre","PHI","DSL",20,1,0,6,2,0,0,0,1,1,0,3,14,3,2,2,0,2,0,0,1,1,8,"sa3067575"
"Fernando Figuera","PIT","DSL",20,0,0,0,2,0,0,0,0,0,0,1.1,6,1,0,0,0,1,0,0,0,0,0,"sa3067584"
"Manuel Ruiz","WSN","DSL",20,0,0,0,1,0,0,0,0,0,1,1.1,5,0,0,0,0,0,0,1,0,0,2,"sa3067585"
"Juan Quinones","MIN","DSL",18,0,0,0,1,0,0,0,0,0,0,4,19,5,1,0,0,3,0,0,0,0,5,"sa3067587"
"Keyner Cedeno","MIA","DSL",18,0,1,22.5,2,1,0,0,0,0,0,4,27,10,12,10,1,4,0,0,4,0,5,"sa3067588"
"Yerlin Burgos","OAK","DSL",18,1,0,0,1,0,0,0,0,0,0,1.1,8,2,1,0,0,1,0,0,0,0,3,"sa3067591"
"Henry Alcantara","SEA","DSL",18,0,0,21.599957256401723,1,1,0,0,0,0,0,1.2,12,3,5,4,0,3,0,1,1,0,0,"sa3067592"
"Starlin Alberto","CIN","DSL",18,0,0,6.750016696792419,1,0,0,0,0,0,0,1.1,7,2,1,1,0,2,0,0,0,0,1,"sa3067594"
"Jider Corpas","CHC","DSL",18,1,0,12.461547603275301,2,0,0,0,0,0,0,4.1,23,10,7,6,1,1,0,1,0,0,3,"sa3067596"
"Ricardo Reyes","OAK","DSL",18,0,0,6,1,1,0,0,0,0,0,3,16,6,4,2,0,0,0,0,1,0,2,"sa3067598"
"Luis Dorante","CLE","DSL",19,0,0,9,1,0,0,0,0,0,0,1,6,1,1,1,0,2,0,0,0,0,2,"sa3067600"
"Amilcar Teran","CLE","DSL",18,0,0,20.250050090377258,1,0,0,0,0,0,0,1.1,9,4,3,3,2,0,0,1,1,0,2,"sa3067605"
"Randy Angomas","NYY","DSL",18,0,1,53.99972802537572,1,1,0,0,0,0,0,0.2,9,4,6,4,1,0,0,2,0,0,1,"sa3067607"
"Maicol Lauriano","BAL","DSL",20,0,0,6,2,0,0,0,0,0,0,3,13,2,2,2,0,3,0,0,0,0,4,"sa3067608"
"Luis Rodriguez","NYY","DSL",21,0,1,3.374995674943506,2,0,0,0,0,1,0,2.2,13,4,2,1,1,0,0,1,0,0,4,"sa3067609"
"Albertt Medina","PHI","DSL",18,0,0,0,1,0,0,0,0,0,0,1,5,1,0,0,0,1,0,0,0,0,1,"sa3067610"
"Reynell Ramos","KCR","DSL",19,0,0,9,1,1,0,0,0,0,0,2,12,2,2,2,0,3,0,1,1,0,2,"sa3067611"
"Antwan Montana","CLE","DSL",18,0,0,40.500100180754515,1,1,0,0,0,0,0,1.1,11,1,6,6,0,6,0,0,5,0,2,"sa3067614"
"Jainer Marmolejos","BAL","DSL",18,0,0,6.749991349887012,2,0,0,0,1,0,0,2.2,11,0,2,2,0,3,0,0,0,0,5,"sa3067619"
"Cristhian Duarte","TOR","DSL",18,0,1,1.8,1,1,0,0,0,0,0,5,19,3,1,1,0,0,0,1,0,0,7,"sa3067622"
"Starling Reyes","LAA","DSL",19,0,0,27,1,0,0,0,0,0,0,1,11,2,5,3,0,5,0,0,0,0,0,"sa3067625"
"Kelvin Marte","SDP","DSL",19,0,0,4.5,2,0,0,0,0,0,0,4,24,7,4,2,1,3,0,0,2,0,4,"sa3067627"
"Angel Rosado","PIT","DSL",20,0,0,4.5,2,0,0,0,1,0,0,2,9,2,1,1,0,1,0,0,3,0,3,"sa3067628"
"Gregory Sanchez","ARI","DSL",21,0,0,13.500033393584838,1,0,0,0,0,0,0,1.1,8,4,2,2,0,0,0,0,0,0,2,"sa3067633"
"Allan Griman","BOS","DSL",19,0,1,18,1,1,0,0,0,0,0,2,12,6,4,4,1,0,0,0,0,1,5,"sa3067636"
"Breyner Figuereo","TEX","DSL",18,0,0,0,1,1,0,0,0,0,0,1,5,0,0,0,0,1,0,0,0,0,2,"sa3067647"
"Cesar Garcia","MIA","DSL",18,0,0,0,2,0,0,0,0,0,0,2.1,10,1,0,0,0,1,0,1,0,0,0,"sa3067883"
"Yowander Mercedes","DET","DSL",21,0,0,0,2,0,0,0,0,0,0,1.2,10,0,0,0,0,3,0,2,4,0,2,"sa3068073"
"Albert Vega","PIT","DSL",19,0,0,27.00003954348225,2,0,0,0,0,0,0,2.1,14,1,7,7,1,7,0,0,2,0,2,"sa3068077"
"Alving Campusano","KCR","DSL",19,0,0,0,1,1,0,0,0,0,0,4,14,2,0,0,0,1,0,0,0,0,4,"sa3068081"
"Carlos Alvarez","SDP","DSL",18,0,0,10.124987024830519,1,1,0,0,0,0,0,2.2,15,4,3,3,0,3,0,1,0,0,3,"sa3068082"
"Miguel Valdez","ARI","DSL",19,0,0,27,2,0,0,0,0,0,0,1,8,2,3,3,0,2,0,1,1,0,2,"sa3068085"
"Agustin Campusano","MIN","DSL",18,0,1,4.909086333822937,1,1,0,0,0,0,0,3.2,19,5,3,2,0,2,0,1,0,0,3,"sa3068091"
"Yadiel Roquez","TEX","DSL",19,1,0,3,1,0,0,0,0,0,0,3,15,2,1,1,0,4,0,0,0,0,3,"sa3068093"
"Andres Ortiz","DET","DSL",19,0,0,0,1,1,0,0,0,0,0,2.2,13,2,0,0,0,3,0,0,0,0,3,"sa3068094"
"Jousuet Martinez","WSN","DSL",19,1,0,0,1,0,0,0,0,0,0,1.2,8,1,0,0,0,2,0,0,0,0,1,"sa3068095"
"Oliver Castillo","DET","DSL",21,0,0,0,2,0,0,0,0,0,0,2,7,2,0,0,0,0,0,0,0,0,0,"sa3068099"
"Jorman Santana","HOU","DSL",19,0,1,5.400005536085082,1,1,0,0,0,0,0,3.1,15,3,2,2,1,2,0,1,0,0,0,"sa3068101"
"Mario Gonzalez","SFG","DSL",19,0,0,0,1,1,0,0,0,0,0,2.2,13,3,0,0,0,2,0,0,0,0,4,"sa3068102"
"Alex Gonzalez","HOU","DSL",20,0,0,10.124987024830519,2,0,0,0,0,0,0,2.2,17,2,3,3,0,7,0,0,2,0,2,"sa3068103"
"Jesus Delgado","OAK","DSL",20,0,0,0,2,0,0,0,0,1,0,2.1,10,2,0,0,0,0,0,0,0,0,4,"sa3068106"
"Lionel Prevosti","ATL","DSL",19,0,1,16.87497837471753,1,1,0,0,0,0,0,2.2,15,4,5,5,0,3,0,0,0,1,1,"sa3068107"
"Santiago Linares","MIA","DSL",18,0,0,6,1,1,0,0,0,0,0,3,13,3,2,2,0,1,0,0,0,0,2,"sa3068109"
"Adrian Pena","MIA","DSL",18,0,1,16.199967942301292,2,1,0,0,0,0,0,1.2,9,1,3,3,0,4,0,0,0,1,2,"sa3068110"
"Juan Jordan","LAA","DSL",18,0,0,3.85714850621175,1,0,0,0,0,0,1,2.1,14,3,4,1,0,4,0,0,1,0,0,"sa3068115"
"Jeremiah Jones","SFG","DSL",18,0,0,0,2,0,0,0,0,0,0,2.1,8,1,0,0,0,0,0,0,0,0,1,"sa3068116"
"Ramces Camargo","CIN","DSL",19,0,0,7.7142970124235,1,1,0,0,0,0,0,2.1,11,1,2,2,0,3,0,1,1,0,2,"sa3068117"
"Ismanuel Pina","SEA","DSL",20,0,0,16.199967942301292,2,0,0,0,0,0,0,1.2,13,2,4,3,0,6,0,0,0,0,0,"sa3068119"
"Jhose Brea","OAK","DSL",18,0,0,9,1,1,0,0,0,0,0,4,17,2,4,4,1,4,0,0,0,0,5,"sa3068120"
"Sheroky Rodriguez","DET","DSL",18,0,0,4.909086333822937,1,1,0,0,0,0,0,3.2,16,2,2,2,0,2,0,0,2,0,3,"sa3068121"
"Emmanuel Pena","BAL","DSL",18,0,0,2.25,1,1,0,0,0,0,0,4,14,2,1,1,0,0,0,1,0,0,5,"sa3068124"
"Samuel Teran","BAL","DSL",17,1,0,0,2,0,0,0,0,0,0,5.2,21,4,0,0,0,1,0,0,0,0,5,"sa3068125"
"Johander Rivero","CLE","DSL",18,0,0,9,2,0,0,0,0,0,0,3,16,5,4,3,1,1,0,0,1,0,5,"sa3068126"
"Kevin Centeno","NYY","DSL",20,0,0,0,1,0,0,0,0,0,0,3,12,0,0,0,0,2,0,2,1,0,5,"sa3068130"
"Kevin Martinez","COL","DSL",18,1,0,0,1,0,0,0,0,0,0,4,16,3,0,0,0,2,0,1,1,0,2,"sa3068133"
"Derik Aquino","LAD","DSL",19,1,0,6,2,0,0,0,0,1,0,3,16,3,2,2,1,3,0,0,0,1,6,"sa3068135"
"Jonathan Santana","CIN","DSL",19,0,0,13.49993200634393,1,0,0,0,0,1,0,0.2,6,1,1,1,0,3,0,0,1,0,2,"sa3068138"
"Luis Cruz","CIN","DSL",19,0,0,11.57144551863525,1,0,0,0,0,0,0,2.1,11,5,3,3,0,1,0,0,0,1,1,"sa3068139"
"Ivan Pacheco","LAD","DSL",19,0,0,0,2,0,0,0,0,0,0,1.2,7,0,0,0,0,3,0,0,0,0,1,"sa3068140"
"Melvin Robles","KCR","DSL",18,0,0,0,1,1,0,0,0,0,0,2.2,13,1,0,0,0,3,0,0,0,0,4,"sa3068142"
"Jefferson Encarnacion","TEX","DSL",21,0,1,22.090888502203214,2,0,0,0,1,1,0,3.2,25,10,9,9,0,3,0,0,1,0,5,"sa3068145"
"Gustavo Garcia","MIL","DSL",18,0,1,6.75,1,1,0,0,0,0,0,4,20,6,8,3,2,1,0,0,1,0,6,"sa3068146"
"Juan Felix","CHW","DSL",17,0,0,0,2,0,0,0,0,0,0,1.1,5,0,0,0,0,0,0,1,0,0,2,"sa3068151"
"Hector Dos Santos","SFG","DSL",20,0,0,0,2,0,0,0,0,0,0,1.1,5,0,0,0,0,1,0,0,1,0,2,"sa3068152"
"Beiker Rodriguez","STL","DSL",19,1,0,1.9285701148372958,2,0,0,0,0,0,0,4.2,26,7,5,1,0,3,0,0,0,0,2,"sa3068155"
"Enyer Dominguez","TOR","DSL",19,0,0,0,2,0,0,0,0,0,0,2,8,1,0,0,0,3,0,0,1,0,1,"sa3068157"
"Diego Carrillo","NYY","DSL",19,0,0,4.153849201091767,2,0,0,0,0,0,0,4.1,21,5,2,2,1,3,0,0,1,0,5,"sa3068158"
"Fredy Penuelas","NYY","DSL",19,0,0,2.700002768042541,1,1,0,0,0,0,0,3.1,14,2,2,1,0,3,0,0,0,0,5,"sa3068160"
"Jose Trevizo","SFG","DSL",18,0,0,21.599957256401723,2,0,0,0,0,0,0,1.2,11,4,4,4,0,1,0,1,0,0,2,"sa3068161"
"Deimer Rodriguez","BAL","DSL",18,0,0,0,2,0,0,0,0,0,1,2.1,10,2,0,0,0,2,0,0,1,0,1,"sa3068164"
"Yaury Jimenez","ARI","DSL",19,0,0,0,1,0,0,0,0,0,0,3,11,1,1,0,0,1,0,0,0,0,1,"sa3068331"
"Randy Constanza","DET","DSL",19,0,0,0,1,0,0,0,0,0,0,2,7,1,0,0,0,0,0,0,0,1,3,"sa3068335"
"Marco Arcia","DET","DSL",21,0,0,30.857188049694,2,0,0,0,0,0,0,2.1,19,3,9,8,2,7,0,1,2,1,0,"sa3068336"
"Ernesto Meza","ATL","DSL",18,1,1,9,2,0,0,0,0,1,0,3,20,5,5,3,0,3,0,1,2,0,4,"sa3068337"
"Jose Arias","MIL","DSL",19,0,0,0,1,0,0,0,0,0,0,1,5,0,1,0,0,1,0,0,1,0,0,"sa3068338"
"Alexis Reyes","LAD","DSL",19,0,0,4.5,1,0,0,0,0,0,0,2,8,2,1,1,1,0,0,0,0,0,3,"sa3068341"
"Isaac Prince","MIA","DSL",18,0,0,0,2,0,0,0,0,0,0,4.2,19,4,0,0,0,2,0,0,0,0,7,"sa3068346"
"Jhondel Salas","WSN","DSL",18,0,0,10.799978628200861,1,0,0,0,0,0,0,1.2,12,4,7,2,2,1,0,1,0,0,4,"sa3068347"
"Randy Baron","CLE","DSL",18,0,0,9,1,1,0,0,0,0,0,3,16,4,4,3,0,4,0,1,0,0,3,"sa3068349"
"Josh Perez","CLE","DSL",18,0,1,10.124987024830519,1,1,0,0,0,0,0,2.2,16,3,3,3,0,3,0,1,0,0,1,"sa3068351"
"Abraham Utrera","SFG","DSL",21,0,0,5.785710344511887,2,0,0,0,0,0,0,4.2,19,3,3,3,0,2,0,0,0,1,9,"sa3068353"
"Frankelly Desis","CHC","DSL",19,1,0,4.909086333822937,2,0,0,0,0,1,0,3.2,18,3,3,2,0,4,0,0,3,0,3,"sa3068356"
"Freddy Hernandez","LAA","DSL",18,0,1,13.500013840212706,1,1,0,0,0,0,0,3.1,17,6,5,5,1,3,0,0,0,0,2,"sa3068357"
"Wisler Infante","SEA","DSL",18,0,0,0,1,1,0,0,0,0,0,4,16,5,0,0,0,0,0,0,1,0,2,"sa3068358"
"Carlos Galindo","MIL","DSL",18,0,0,2.4545431669114683,1,1,0,0,0,0,0,3.2,18,1,2,1,0,6,0,0,0,0,2,"sa3068361"
"Ebduar Loina","SFG","DSL",19,0,0,26.999946570502154,2,0,0,0,0,0,0,1.2,15,3,5,5,1,3,0,4,2,0,1,"sa3068363"
"Omar Damian","HOU","DSL",17,0,0,0,1,0,0,0,0,0,1,3,12,1,0,0,0,2,0,0,1,0,3,"sa3068364"
"Juan Garcia","STL","DSL",18,0,0,3.374995674943506,1,1,0,0,0,0,0,2.2,12,5,1,1,0,0,0,0,0,0,5,"sa3068366"
"Yorsua Balanta","DET","DSL",20,0,0,6,2,0,0,0,0,0,1,3,15,3,2,2,0,2,0,1,3,1,3,"sa3068369"
"Iverson Paulino","SFG","DSL",19,0,0,2.700002768042541,2,1,0,0,0,0,0,3.1,12,2,1,1,1,1,0,0,1,0,3,"sa3068370"
"Jorge Gonzalez","TOR","DSL",20,0,1,67.49966003171964,1,0,0,0,0,0,0,0.2,7,2,5,5,0,3,0,1,3,0,0,"sa3068372"
"Luis Cepeda","ARI","DSL",18,0,1,45,1,1,0,0,0,0,0,1,11,2,6,5,0,6,0,0,1,0,1,"sa3068373"
"Alexis Marinez","DET","DSL",20,0,0,6.749991349887012,1,1,0,0,0,0,0,2.2,14,1,2,2,0,3,0,2,2,0,3,"sa3068376"
"Edrwin Veras","TOR","DSL",23,0,1,0,1,1,0,0,0,0,0,2.2,13,1,2,0,0,2,0,0,0,0,3,"sa3068378"
"Ysaias Escalona","CIN","DSL",19,0,0,0,1,0,0,0,0,0,0,3.2,13,1,0,0,0,1,0,1,0,0,2,"sa3068380"
"Albert Feliz","LAD","DSL",20,0,0,16.87497837471753,2,0,0,0,0,0,1,2.2,16,4,6,5,0,4,0,1,0,0,2,"sa3068381"
"Jefersson Marte","CIN","DSL",18,0,0,67.49966003171964,1,0,0,0,0,0,0,0.2,7,2,5,5,0,3,0,0,1,0,1,"sa3068382"
"Oscar Vaamonde","BOS","DSL",18,0,1,4.5,1,1,0,0,0,0,0,4,15,3,2,2,0,1,0,0,0,1,7,"sa3068383"
"Carlos Falcon","BOS","DSL",18,0,1,4.5,1,0,0,0,0,0,0,2,8,2,1,1,0,0,0,0,1,0,3,"sa3068384"
"Victor De Jesus","CLE","DSL",19,0,0,0,1,0,0,0,0,0,0,1.1,5,0,0,0,0,0,0,1,0,0,0,"sa3068385"
"Angel De Jesus","BAL","DSL",20,0,0,3,1,1,0,0,0,0,0,3,13,0,1,1,0,5,0,1,0,0,4,"sa3068387"
"Logan Tinkam","LAD","DSL",19,0,0,5.400005536085082,2,0,0,0,0,0,0,3.1,17,4,2,2,0,3,0,0,0,0,2,"sa3068391"
"Diego Palacios","TBR","DSL",20,0,0,6.75,2,0,0,0,1,0,0,4,16,5,3,3,1,1,0,0,1,0,4,"sa3068458"
"Ricardo Osorio","OAK","DSL",18,0,0,1.8,1,1,0,0,0,0,0,5,18,3,1,1,0,2,0,0,2,0,4,"sa3068460"
"Hamlet Santos","PIT","DSL",18,0,0,3.374995674943506,1,1,0,0,0,0,0,2.2,13,2,1,1,0,2,0,1,0,0,3,"sa3068461"
"Roberto Salas","COL","DSL",18,0,0,0,1,1,0,0,0,0,0,3,12,2,0,0,0,1,0,0,0,0,4,"sa3068462"
"Angel Montero","NYM","DSL",18,0,0,0,1,1,0,0,0,0,0,3.2,15,1,0,0,0,3,0,0,1,0,6,"sa3068464"
"Enmanuel Figuereo","TEX","DSL",17,0,0,81.00080869409182,1,1,0,0,0,0,0,0.1,7,4,5,3,1,1,0,0,0,0,1,"sa3068466"
"Jose Puello","ARI","DSL",19,0,1,22.5,1,1,0,0,0,0,0,2,14,6,5,5,0,3,0,0,1,0,1,"sa3068470"
"Isael Fis","BOS","DSL",19,1,0,0,1,0,0,0,0,0,0,2.2,12,3,0,0,0,1,0,0,0,0,1,"sa3068471"
"Albert Cordero","TEX","DSL",20,0,0,3.6,2,0,0,0,2,0,0,5,24,5,2,2,1,4,0,0,0,0,6,"sa3068472"
"Ruben Medina","TEX","DSL",20,0,0,26.99986401268786,1,0,0,0,0,0,0,0.2,8,3,6,2,0,2,0,0,4,0,1,"sa3068473"
"Diego Arroyo","COL","DSL",18,0,0,4.5,1,0,0,0,0,0,0,4,17,5,2,2,2,0,0,0,1,0,3,"sa3068474"
"Geovanny Villarroel","CHC","DSL",18,0,0,8.100008304127623,1,1,0,0,0,0,0,3.1,16,3,3,3,0,2,0,1,1,0,2,"sa3068475"
"Anthony Feliz","CHC","DSL",19,0,0,16.87497837471753,1,0,0,0,0,0,0,2.2,16,5,5,5,2,3,0,0,2,0,2,"sa3068476"
"Jesus Carrasco","WSN","DSL",20,1,0,0,1,0,0,0,0,0,0,2,8,2,0,0,0,1,0,1,1,0,2,"sa3068477"
"Leudy Reyes","PIT","DSL",18,1,0,0,2,0,0,0,1,0,0,2.2,12,0,0,0,0,3,0,1,1,0,4,"sa3068478"
"Yobanny Sanchez","NYM","DSL",18,0,1,13.5,1,1,0,0,0,0,0,2,9,1,3,3,1,1,0,1,1,0,2,"sa3068479"
"Raymond Sarmiento","MIL","DSL",18,0,0,4.5,1,1,0,0,0,0,0,4,20,7,2,2,1,2,0,0,0,0,2,"sa3068482"
"Darwin Ramos","SEA","DSL",19,0,0,0,3,0,0,0,0,0,1,2.1,9,1,0,0,0,3,0,0,0,0,0,"sa3068483"
"Leosmar Perez","BOS","DSL",19,0,0,9,2,0,0,0,0,0,0,4,22,5,4,4,0,4,0,1,2,0,4,"sa3068488"
"Daniel Gentile","CLE","DSL",17,0,0,0,1,1,0,0,0,0,0,2.2,16,2,2,0,0,3,0,1,0,0,3,"sa3068490"
"Jainer Almanza","BOS","DSL",18,0,0,33.750083483962094,1,0,0,0,0,0,0,1.1,9,1,5,5,0,4,0,0,1,0,0,"sa3068492"
"Andre Avila","NYY","DSL",20,0,0,0,2,0,0,0,1,0,0,2.2,14,4,1,0,0,1,0,0,0,0,4,"sa3068495"
"Angel Garcia","KCR","DSL",17,0,0,4.5,1,0,0,0,0,0,0,2,9,2,1,1,0,2,0,0,1,0,0,"sa3068500"
"Leonel Murrieta","HOU","DSL",19,0,1,2.25,1,1,0,0,0,0,0,4,16,2,1,1,0,2,0,0,0,0,2,"sa3068505"
"Cesar Acosta","NYY","DSL",19,0,1,19.636345335291747,1,1,0,0,0,0,0,3.2,19,5,8,8,1,3,0,1,1,0,3,"sa3068506"
"Carlos Lorenzo","PIT","DSL",19,1,0,0,2,0,0,0,0,0,1,2.1,9,1,0,0,0,1,0,0,0,1,3,"sa3068507"
"Aneudy Santos","TEX","DSL",20,0,0,2.25,1,0,0,0,0,0,0,4,17,5,1,1,0,1,0,0,1,0,4,"sa3068508"
"Hendrick Cana","STL","DSL",18,0,0,2.25,1,1,0,0,0,0,0,4,16,4,1,1,0,1,0,0,0,0,3,"sa3068510"
"Guillermo Baldelomar","CIN","DSL",19,0,0,9,1,0,0,0,0,0,0,1,5,1,1,1,0,1,0,0,0,0,2,"sa3068511"
"Isaac Vegas","TBR","DSL",20,0,1,3.85714850621175,2,0,0,0,0,0,0,2.1,11,2,1,1,0,2,0,1,1,0,1,"sa3068512"
"Greison Acosta","NYM","DSL",18,0,0,33.750083483962094,1,1,0,0,0,0,0,1.1,11,5,6,5,1,3,0,0,2,0,0,"sa3068513"
"Bryan Lara","LAD","DSL",18,0,1,4.5,1,1,0,0,0,0,0,2,12,3,3,1,0,3,0,0,0,0,2,"sa3068514"
"Jose Menes","TBR","DSL",22,0,0,15.428594024847,1,1,0,0,0,0,0,2.1,14,5,5,4,0,2,0,0,0,0,2,"sa3068515"
"Luisangel Chirino","CIN","DSL",19,2,0,1.8,2,0,0,0,0,0,0,5,22,4,1,1,0,3,0,1,1,0,3,"sa3068516"
"Jose Vargas","NYY","DSL",18,0,0,6.750016696792419,1,0,0,0,0,0,1,1.1,7,1,3,1,0,1,0,1,1,0,1,"sa3068517"
"Fleury Soriano","CHC","DSL",21,0,0,2.700002768042541,2,0,0,0,1,0,0,3.1,15,2,2,1,1,3,0,0,1,0,4,"sa3068519"
"Yordy Magdariaga","DET","DSL",20,1,0,2.700002768042541,3,0,0,0,1,0,0,3.1,15,2,2,1,0,1,0,1,0,0,0,"sa3068520"
"Jose Padilla","NYM","DSL",18,0,0,0,1,0,0,0,1,0,0,1,5,0,1,0,0,2,0,0,1,0,0,"sa3068527"
"Anyel Manzueta","WSN","DSL",19,0,0,6,1,1,0,0,0,0,0,3,13,0,2,2,0,4,0,0,2,0,1,"sa3068590"
"Josias Figuereo","SDP","DSL",19,0,0,4.153849201091767,2,1,0,0,0,0,0,4.1,19,4,2,2,0,2,0,0,2,1,8,"sa3068599"
"Francis Aquino","ARI","DSL",19,0,1,13.499982699774025,1,1,0,0,0,0,0,2.2,14,4,4,4,0,3,0,0,0,0,5,"sa3068600"
"Carlos Toro","SFG","DSL",19,0,0,6,1,1,0,0,0,0,0,3,16,6,2,2,0,1,0,0,2,0,1,"sa3068601"
"Miguel Alvarez","SDP","DSL",21,0,0,5.06250301748694,2,0,0,0,0,1,0,5.1,25,4,3,3,0,4,0,0,2,0,6,"sa3068602"
"Edwin Mendoza","OAK","DSL",18,0,0,9,1,0,0,0,0,1,0,1,6,2,1,1,0,0,0,1,0,0,2,"sa3068606"
"Keivan Vasquez","ARI","DSL",18,0,0,15.428594024847,1,1,0,0,0,0,0,2.1,13,4,4,4,0,4,0,0,0,0,1,"sa3068607"
"Yhosneiber Torres","PIT","DSL",18,0,0,0,1,1,0,0,0,0,0,2,11,1,0,0,0,3,0,1,0,0,3,"sa3068609"
"Julio M Rossi","CLE","DSL",17,0,0,11.57144551863525,1,1,0,0,0,0,0,2.1,13,3,3,3,1,3,0,0,2,0,5,"sa3068610"
"Salvador Burgos","CHC","DSL",20,0,0,6,1,0,0,0,0,0,0,3,12,2,2,2,0,1,0,0,0,0,1,"sa3068612"
"Miguel Liendo","LAA","DSL",18,0,0,5.400005536085082,3,0,0,0,0,0,1,3.1,18,4,2,2,0,4,0,0,1,0,2,"sa3068613"
"Christopher Quiroz","SEA","DSL",18,0,0,13.5,3,0,0,0,0,1,0,2,14,3,3,3,0,3,0,2,0,1,4,"sa3068614"
"Jose D. Gonzalez","SFG","DSL",20,0,0,0,1,1,0,0,0,0,0,1,3,0,0,0,0,0,0,0,0,0,1,"sa3068615"
"Amilkar Romero","CHC","DSL",18,0,0,4.5,1,0,0,0,0,1,0,2,12,3,1,1,0,1,0,2,1,0,0,"sa3068616"
"Wilner Berroteran","LAA","DSL",18,0,0,0,1,1,0,0,0,0,0,4,14,0,0,0,0,2,0,0,0,0,2,"sa3068617"
"Jesus Martinez","BOS","DSL",18,0,0,3,1,0,0,0,0,0,0,3,16,2,1,1,0,6,0,0,0,0,2,"sa3068618"
"Carlos Barrientos","CHC","DSL",18,0,1,9,1,1,0,0,0,0,0,3,14,2,3,3,0,3,0,0,0,0,5,"sa3068619"
"Victor Castellano","COL","DSL",18,0,1,7.363629500734405,2,0,0,0,0,0,0,3.2,17,5,3,3,1,1,0,0,0,0,1,"sa3068620"
"Frederik Dolsi","TEX","DSL",18,0,0,0,1,1,0,0,0,0,0,4,13,2,0,0,0,1,0,0,0,0,3,"sa3068621"
"Kelvin Zapata","BAL","DSL",18,0,0,0,1,1,0,0,0,0,0,2.2,12,0,0,0,0,3,0,2,3,0,6,"sa3068622"
"Anderson Alvarez","TBR","DSL",18,0,0,2.4545431669114683,1,1,0,0,0,0,0,3.2,17,5,1,1,1,2,0,1,0,0,3,"sa3068623"
"Enderson Amaya","CLE","DSL",19,0,0,0,1,1,0,0,0,0,0,4,15,0,0,0,0,2,0,0,1,0,3,"sa3068624"
"Gleiderson Mendoza","COL","DSL",18,0,0,0,1,1,0,0,0,0,0,3,13,2,0,0,0,2,0,0,1,0,3,"sa3068625"
"Kenyer Penaloza","KCR","DSL",17,0,0,6,1,1,0,0,0,0,0,3,14,2,2,2,0,2,0,2,0,0,0,"sa3068630"
"Abner Meza","NYM","DSL",19,0,0,9,1,1,0,0,0,0,0,2,12,5,2,2,0,1,0,0,0,0,2,"sa3068632"
"Javier Rojas","KCR","DSL",18,0,1,4.909086333822937,1,1,0,0,0,0,0,3.2,14,3,2,2,0,1,0,0,0,0,3,"sa3068634"
"Ronny Arias","CLE","DSL",17,0,0,9,2,0,0,0,0,0,0,3,15,4,3,3,2,3,0,0,1,0,2,"sa3068636"
"Mauricio De La Cruz","PIT","DSL",20,1,0,0,2,0,0,0,0,0,0,3.1,14,3,0,0,0,1,0,0,0,0,3,"sa3068637"
"Henderson Hernandez","NYM","DSL",19,0,0,5.400005536085082,2,0,0,0,0,0,0,3.1,17,3,3,2,0,2,0,1,1,0,4,"sa3068641"
"Diego Castro","TBR","DSL",19,1,0,24,2,0,0,0,0,0,0,3,19,5,8,8,0,4,0,2,0,0,5,"sa3068642"
"Carlos Virla","BAL","DSL",19,0,0,9,1,0,0,0,0,0,0,2,9,2,2,2,0,1,0,1,1,0,1,"sa3068643"
"Maykol Vasquez","NYM","DSL",18,0,0,0,1,0,0,0,0,0,0,0.2,5,1,0,0,0,2,0,0,1,0,1,"sa3068653"
"Ricardo Montilla","KCR","DSL",19,0,1,0,1,0,0,0,0,0,0,1.1,8,2,1,0,0,2,1,0,0,0,2,"sa3068656"
"Jose Sequera","PIT","DSL",19,0,0,26.99986401268786,1,1,0,0,0,0,0,0.2,5,1,2,2,0,2,0,0,1,0,1,"sa3068660"
"Sebastian Pina","TBR","DSL",18,0,0,0,2,0,0,0,2,0,0,2.1,10,2,1,0,0,0,0,1,0,0,5,"sa3068667"
"Jhosneyker Colina","NYY","DSL",18,0,0,3.6,1,1,0,0,0,0,0,5,23,9,3,2,0,1,0,0,0,0,6,"sa3068683"
"Jose Andrades","TOR","DSL",19,0,0,0,1,1,0,0,0,0,0,5,15,3,0,0,0,0,0,0,0,0,4,"sa3068687"
"Malvin Garcia","CIN","DSL",20,0,0,18,1,0,0,0,0,0,1,1,6,2,2,2,0,2,0,0,2,0,1,"sa3068697"
"Jhordari Jimenez","CLE","DSL",18,0,0,5.400005536085082,1,1,0,0,0,0,0,3.1,15,3,3,2,1,2,0,2,0,0,3,"sa3068700"
"Merwin Manrique","MIL","DSL",18,1,0,0,2,0,0,0,0,1,0,1.2,7,0,0,0,0,3,0,0,1,0,1,"sa3068701"
"Carlos Martinez","DET","DSL",20,0,1,80.99959203806357,1,1,0,0,0,0,0,0.2,12,7,7,6,0,2,0,1,2,0,1,"sa3068702"
"Steven Duran","MIL","DSL",17,0,0,4.5,1,1,0,0,0,0,0,4,18,3,2,2,0,4,0,1,1,0,4,"sa3068703"
"Daniel Burciaga","SDP","DSL",18,0,0,26.99986401268786,1,0,0,0,0,0,0,0.2,4,1,2,2,0,1,0,0,0,0,2,"sa3068704"
"Junior Medina","BAL","DSL",19,0,0,3,1,1,0,0,0,0,0,3,16,5,3,1,0,2,0,0,0,0,2,"sa3068707"
"Antony Ventura","COL","DSL",17,0,0,162.00161738818363,1,0,0,0,0,0,0,0.1,7,3,6,6,0,0,0,3,1,0,0,"sa3068708"
"Tony Gonzalez","PIT","DSL",22,0,0,7.2,2,0,0,0,0,0,0,5,20,4,4,4,0,1,0,0,1,0,7,"sa3068729"
"Robert Moreno","BOS","DSL",20,0,0,12,1,0,0,0,0,0,0,3,18,5,4,4,0,2,0,1,0,0,3,"sa3068742"
"Ire Martinez","TOR","DSL",18,0,1,67.49966003171964,1,0,0,0,0,0,0,0.2,7,2,5,5,0,4,0,0,0,0,0,"sa3068743"
"Jose Blanco","SDP","DSL",22,0,0,24,1,0,0,0,0,0,0,3,19,6,8,8,1,4,0,0,2,0,3,"sa3068744"
"Rafael Gonzalez","DET","DSL",20,0,0,9,1,0,0,0,0,0,0,2,10,3,2,2,0,0,0,0,1,1,3,"sa3068745"
"Onofer De La Cruz","COL","DSL",18,0,0,0,2,0,0,0,0,0,1,3.1,15,2,1,0,0,2,0,0,0,0,5,"sa3068750"
"Antonio Morales","HOU","DSL",19,0,0,1.3499993562701433,2,1,0,0,0,0,0,6.2,25,6,2,1,0,0,0,0,0,0,4,"sa3068754"
"Cesar Cerezo","TOR","DSL",18,0,0,0,1,0,0,0,0,0,0,1.2,7,4,2,0,0,0,0,0,0,0,0,"sa3068770"
"Raimi Mueses","DET","DSL",19,0,0,2.25,2,0,0,0,1,0,1,4,20,5,1,1,0,3,0,0,1,0,3,"sa3068775"
"Yangel Martinez","ATL","DSL",18,0,0,6.750016696792419,1,0,0,0,0,0,0,1.1,8,0,1,1,0,4,0,0,1,1,0,"sa3068777"
"Daniel Ramos","TEX","DSL",19,0,0,10.800011072170165,2,0,0,0,0,0,0,3.1,22,4,4,4,1,8,0,0,2,0,3,"sa3068788"
"Gensy Aquino","SDP","DSL",18,1,0,0,1,0,0,0,0,0,0,1.1,6,1,2,0,0,2,0,0,0,0,0,"sa3068789"
"Eddison Septimo","BOS","DSL",19,1,0,13.500033393584838,1,0,0,0,0,0,0,1.1,7,2,2,2,2,1,0,0,0,0,1,"sa3068790"
"Waner Perez","BAL","DSL",20,0,0,0,2,0,0,0,1,0,0,2.1,10,1,0,0,0,2,0,0,0,0,1,"sa3068799"
"Jhendry Ciriaco","TBR","DSL",20,0,0,4.5,1,1,0,0,0,0,0,4,17,3,2,2,0,2,0,1,0,0,2,"sa3068800"
"Edwin Reynoso","SFG","DSL",19,0,0,10.124987024830519,2,0,0,0,0,0,0,2.2,12,3,3,3,0,2,0,0,0,0,0,"sa3068802"
"Wascar Berroa","BOS","DSL",20,0,0,0,1,0,0,0,0,0,0,1,4,1,1,0,0,0,0,0,0,1,2,"sa3068804"
"Welin Aponte","PIT","DSL",19,0,1,5.785710344511887,2,0,0,0,0,0,1,4.2,19,2,3,3,0,4,0,0,1,0,3,"sa3068816"
"Julio Ozoria","BAL","DSL",20,0,0,0,1,0,0,0,0,0,0,0.2,2,0,0,0,0,0,0,0,0,0,0,"sa3068820"
"Ariel Dilone","SDP","DSL",18,0,0,11.57144551863525,2,0,0,0,0,0,0,2.1,17,3,3,3,0,7,0,0,1,1,4,"sa3068821"
"Masahiro Fukuda","TEX","DSL",24,1,0,7.2,1,0,0,0,0,0,0,5,23,4,4,4,3,3,0,0,0,0,5,"sa3068828"
"Derlin Garcia","MIL","DSL",19,0,0,3.6,1,1,0,0,0,0,0,5,22,6,2,2,0,3,0,0,0,0,2,"sa3068831"
"Luis Perdomo","BAL","DSL",19,0,1,13.5,1,1,0,0,0,0,0,4,20,5,7,6,2,2,0,0,0,0,4,"sa3068833"
"Kleiver Benitez","SEA","DSL",17,0,0,5.399989314100431,2,0,0,0,0,0,0,1.2,8,3,1,1,0,0,0,0,0,0,3,"sa3068846"
"Erickson Ettien","BOS","DSL",19,0,0,0,1,0,0,0,1,0,0,1.2,7,0,0,0,0,2,0,0,0,0,1,"sa3068847"
"Yusef Hanania","CHC","DSL",20,0,0,8.100008304127623,2,0,0,0,0,0,0,3.1,17,3,3,3,0,5,0,0,1,0,4,"sa3068848"
"Axel Perez","BAL","DSL",20,0,0,19.285742531058748,1,1,0,0,0,0,0,2.1,16,4,5,5,0,3,0,2,2,0,2,"sa3068854"
"Ricardo Heredia","HOU","DSL",20,0,0,6,1,1,0,0,0,0,0,3,15,3,2,2,0,3,0,1,1,1,3,"sa3068855"
"Anderson Rivera","CHC","DSL",19,0,0,0,2,0,0,0,0,0,0,4.1,19,4,1,0,0,3,0,0,1,0,1,"sa3068856"
"Guillermo Romero","SDP","DSL",21,0,0,10.124987024830519,2,0,0,0,0,0,0,2.2,15,3,3,3,0,2,0,0,0,0,2,"sa3068857"
"Elisandro Ramirez","ATL","DSL",18,0,0,9,1,0,0,0,0,0,0,1,4,1,1,1,0,0,0,0,0,2,2,"sa3068858"
"Osvaldo Platas","SEA","DSL",19,0,0,6.749991349887012,1,1,0,0,0,0,0,2.2,14,4,2,2,2,1,0,0,0,0,3,"sa3068864"
"Enyel Garcia","BAL","DSL",18,1,1,0,2,1,0,0,0,1,0,3.1,14,2,1,0,0,3,0,0,0,0,4,"sa3068865"
"Luis  Avila","CIN","DSL",19,0,0,0,2,0,0,0,1,0,0,2,7,0,0,0,0,0,0,1,0,0,3,"sa3068866"
"Darwin Roa","PIT","DSL",19,0,0,3,1,1,0,0,0,0,0,3,13,0,1,1,0,3,0,1,0,0,4,"sa3068867"
"Randy Maria","LAD","DSL",21,0,0,1.8,2,0,0,0,0,1,0,5,19,3,2,1,0,2,0,0,0,1,5,"sa3068868"
"Michael Manjarres","BOS","DSL",20,0,1,26.999946570502154,2,0,0,0,0,1,0,1.2,16,3,8,5,0,5,0,2,2,0,1,"sa3068877"
"David Medina","BAL","DSL",19,0,0,0,1,1,0,0,0,0,0,1.2,7,0,0,0,0,1,0,0,0,0,2,"sa3068879"
"Rafi Santo","KCR","DSL",19,0,0,3.8571402296745916,2,0,0,0,0,0,0,4.2,22,6,2,2,0,2,0,1,0,1,0,"sa3068887"
"Ezequiel Martinez","TBR","DSL",19,1,0,0,1,0,0,0,0,0,0,4,16,1,0,0,0,2,0,1,0,0,5,"sa3068894"
"Roberto Castellanos","TOR","DSL",19,0,1,9,1,1,0,0,0,0,0,4,20,7,4,4,0,1,0,0,0,0,4,"sa3068897"
"Rodrigo Ramirez","TOR","DSL",19,0,0,1.9285701148372958,2,1,0,0,0,0,0,4.2,18,2,1,1,0,3,0,0,0,0,4,"sa3068907"
"Kevin Pino","SEA","DSL",19,1,1,3,3,0,0,0,0,0,1,3,18,3,2,1,0,7,1,1,2,0,3,"sa3068908"
"Jesus Garcia","KCR","DSL",18,0,0,53.99972802537572,1,0,0,0,0,0,0,0.2,8,5,4,4,1,1,0,0,1,0,0,"sa3068909"
"Ranger Sarit","WSN","DSL",20,0,0,9,1,1,0,0,0,0,0,3,16,3,4,3,0,0,0,1,0,0,1,"sa3068911"
"Edgar Lugo","CIN","DSL",18,0,0,13.499982699774025,1,0,0,0,0,0,0,2.2,12,3,4,4,1,3,0,0,0,0,1,"sa3068918"
"Josue Perez","SFG","DSL",19,0,1,40.499796019031784,1,1,0,0,0,0,0,0.2,7,1,3,3,0,4,0,0,2,0,1,"sa3068919"
"Diego Soriano","TBR","DSL",21,0,0,0,1,0,0,0,0,0,0,1,4,0,0,0,0,2,0,0,0,0,0,"sa3068920"
"Rendy Naveo","MIA","DSL",18,0,0,47.25011687754693,1,0,0,0,0,0,0,1.1,12,4,7,7,2,4,0,0,0,0,0,"sa3068922"
"Handrychson Colina","CLE","DSL",19,0,0,0,1,0,0,0,0,0,1,1,5,0,0,0,0,1,0,0,1,0,1,"sa3068927"
"Yoneiber Rodriguez","CHW","DSL",19,0,0,27.000066787169676,2,0,0,0,0,0,0,1.1,10,1,4,4,0,4,0,1,2,0,0,"sa3068928"
"Deivi Garcia","CIN","DSL",21,1,0,0,1,0,0,0,0,0,0,2,8,0,0,0,0,2,0,0,1,0,2,"sa3068941"
"Alexander Heredia","BOS","DSL",19,0,1,11.57144551863525,1,0,0,0,0,0,0,2.1,12,3,3,3,1,1,0,1,2,0,3,"sa3068942"
"Roimer Rosas","LAD","DSL",19,0,0,22.5,2,0,0,0,0,0,0,2,13,1,6,5,0,5,0,1,7,0,3,"sa3068943"
"Victor Jimenez","HOU","DSL",19,0,0,0,1,1,0,0,0,0,0,4,15,0,0,0,0,2,0,0,0,0,3,"sa3068957"
"Anderson Reyes","BAL","DSL",18,0,0,9,1,0,0,0,0,0,0,2,10,2,2,2,0,2,0,0,2,0,1,"sa3068958"
"Aurelvys Batista","NYM","DSL",20,1,0,4.5,2,0,0,0,0,1,0,4,19,4,2,2,0,4,0,0,1,0,5,"sa3068961"
"Jhony Osoria","NYM","DSL",19,0,0,6.749991349887012,1,1,0,0,0,0,0,2.2,12,2,3,2,0,1,0,0,1,0,3,"sa3068986"
"Yoslaniel Hernandez","PIT","DSL",18,0,1,9,1,1,0,0,0,0,0,2,12,1,2,2,0,6,0,0,3,0,4,"sa3068993"
"Wagner Soto","TOR","DSL",17,0,0,4.5,2,0,0,0,0,0,0,2,12,1,1,1,0,7,0,1,0,0,1,"sa3068994"
"Julio Pinales","CIN","DSL",19,0,0,4.5,1,0,0,0,0,0,0,2,9,2,1,1,0,1,0,0,1,1,3,"sa3068996"
"Miguel Vargas","ARI","DSL",18,0,1,10.124987024830519,1,1,0,0,0,0,0,2.2,12,1,3,3,0,3,0,1,0,0,2,"sa3068998"
"Yonaiker Perez","TBR","DSL",19,0,0,0,1,1,0,0,0,0,0,3,14,2,0,0,0,4,0,0,1,0,2,"sa3069002"
"Joismer Sandoval","BAL","DSL",21,1,0,0,1,0,0,0,0,0,0,2,8,0,0,0,0,2,0,0,1,0,3,"sa3069003"
"Orlando Marcelin","TOR","DSL",18,0,0,2.076924714817684,3,0,0,0,0,0,0,4.1,21,5,2,1,0,2,0,1,3,0,4,"sa3069029"
"Julio J Rossi","CLE","DSL",19,0,0,13.49993200634393,1,0,0,0,0,0,0,0.2,5,1,2,1,0,2,0,0,1,0,0,"sa3069030"
"Wilfi Rodriguez","CLE","DSL",18,0,0,4.5,2,0,0,0,0,0,0,2,11,1,2,1,0,4,0,0,2,0,2,"sa3069037"
"David Hernandez","TOR","DSL",20,1,0,4.153849201091767,2,0,0,0,0,0,0,4.1,19,1,2,2,0,4,0,1,0,0,4,"sa3069038"
"Albert Perez","SDP","DSL",18,0,1,9,2,0,0,0,0,1,0,2,15,3,4,2,0,5,0,1,1,0,0,"sa3069039"
"Simon Colmenares","SFG","DSL",19,0,1,12,1,1,0,0,0,0,0,3,14,5,4,4,2,0,0,0,0,0,3,"sa3069044"
"Santiago Martinez","MIL","DSL",17,0,0,0,1,1,0,0,0,0,0,5,17,1,0,0,0,1,0,0,0,0,7,"sa3069047"
"Hancer Regalado","KCR","DSL",18,0,0,0,2,0,0,0,0,0,0,3.1,12,1,0,0,0,2,0,0,0,0,1,"sa3069048"
"Enmanuel De La Rosa","LAD","DSL",23,2,0,2.0769246005458837,2,0,0,0,0,0,0,4.1,16,4,1,1,0,2,0,0,0,0,3,"sa3069049"
"Wilfran Ortega","CHC","DSL",19,0,0,14.72725900146881,2,0,0,0,0,0,0,3.2,21,6,7,6,0,3,0,1,4,1,4,"sa3069086"
"Edgar Liriano","TEX","DSL",19,0,0,3.374995674943506,1,0,0,0,0,0,0,2.2,13,2,2,1,1,2,0,0,2,0,1,"sa3069114"
"Dariel Pena","TEX","DSL",20,0,0,13.5,1,0,0,0,0,0,0,2,10,2,3,3,2,2,0,0,0,0,5,"sa3069115"
"Ricardo Arredondo","MIA","DSL",19,0,0,0,1,0,0,0,0,0,0,2.1,10,0,0,0,0,2,0,2,0,0,1,"sa3069121"
"Manuel Gomez","TEX","DSL",22,0,0,0,1,0,0,0,0,0,0,2.2,11,2,0,0,0,1,0,0,1,0,6,"sa3069122"
"Alberto Arias","BAL","DSL",18,1,0,0,1,0,0,0,0,0,0,1.1,4,0,0,0,0,0,0,0,0,0,0,"sa3069131"
"Berlin Fransua","ARI","DSL",18,0,0,0,2,0,0,0,0,0,0,2,7,2,0,0,0,2,0,0,0,0,0,"sa3069135"
"Lenixon Armas","COL","DSL",20,0,0,6,1,1,0,0,0,0,0,3,15,2,2,2,1,2,0,2,3,0,2,"sa3069143"
"Lenin Caceres","NYY","DSL",23,0,0,3.85714850621175,2,0,0,0,0,0,0,2.1,16,2,2,1,0,6,0,1,2,0,6,"sa3069145"
"Kendri Fana","LAA","DSL",17,0,0,6.75,1,1,0,0,0,0,0,4,17,2,3,3,0,3,0,1,2,0,2,"sa3069444"
"Cristian Alvarado","SEA","DSL",22,1,0,0,2,0,0,0,0,1,0,4.2,20,4,0,0,0,1,0,0,0,0,1,"sa3076432"
"Alexander Pichardo","LAD","DSL",18,0,0,2.0769246005458837,2,1,0,0,1,0,0,4.1,20,4,3,1,0,1,0,0,0,0,4,"sa3076433"
"Jensey Duran","TBR","DSL",19,0,0,10.124987024830519,2,0,0,0,0,0,0,2.2,14,4,3,3,0,3,0,0,0,0,1,"sa3076434"
"Junior Pena","LAD","DSL",18,1,0,13.499982699774025,2,0,0,0,0,0,0,2.2,18,5,4,4,0,3,0,2,0,0,1,"sa3076435"
"Yohn Melendez","SDP","DSL",20,0,0,2.4545431669114683,3,0,0,0,0,0,0,3.2,17,3,1,1,0,3,0,1,0,1,2,"sa3076436"
"Wilmer Almonte","ATL","DSL",18,0,0,18,2,0,0,0,0,0,0,3,21,6,9,6,0,4,0,1,3,0,3,"sa3076438"
"Javier Pedreanez","CLE","DSL",19,1,0,0,2,0,0,0,0,0,0,4.1,15,2,0,0,0,1,0,0,0,0,3,"sa3076439"
"Michel Cervantes","SDP","DSL",18,0,0,13.5,1,1,0,0,0,0,0,2,12,1,3,3,0,5,0,0,0,0,3,"sa3076440"
"Miguel Martinez","MIN","DSL",19,0,0,0,1,0,0,0,0,0,0,3.1,11,0,0,0,0,1,0,0,0,0,4,"sa3076442"
"Eliezer Peralta","MIA","DSL",17,0,1,22.5,1,1,0,0,0,0,0,2,13,4,5,5,0,3,0,0,2,0,2,"sa3076443"
"Emmanuel Polo","SDP","DSL",18,0,1,27,2,0,0,0,0,1,0,1,9,3,4,3,0,4,0,0,1,0,1,"sa3076444"
"Jose Alexandro","BOS","DSL",19,0,0,36,1,0,0,0,0,0,0,1,8,3,4,4,0,2,0,0,2,0,2,"sa3076445"
"Juan Marquez","MIN","DSL",18,0,0,18,1,0,0,0,0,0,0,1,8,5,2,2,0,1,0,0,0,0,0,"sa3076446"
"Gregory Sipion","ARI","DSL",18,0,0,3.6,1,1,0,0,0,0,0,5,19,3,2,2,1,1,0,0,0,0,5,"sa3076447"
"Frandel Pineda","TEX","DSL",17,0,0,6,1,1,0,0,0,0,0,3,13,3,3,2,0,2,0,1,1,0,3,"sa3076448"
"Steven Garcia","BOS","DSL",20,0,0,7.7142970124235,1,1,0,0,0,0,0,2.1,16,5,5,2,0,2,0,1,0,0,1,"sa3076449"
"Jose Gonzalez","CHC","DSL",17,0,0,3,1,1,0,0,0,0,0,3,12,3,1,1,0,0,0,0,1,0,1,"sa3076450"
"David Colmenares","CHW","DSL",18,2,0,2.25,2,0,0,0,0,0,0,4,17,3,1,1,0,3,0,0,0,0,7,"sa3076451"
"Hector Perez","PIT","DSL",18,1,0,6.749991349887012,2,0,0,0,0,0,1,2.2,14,3,3,2,0,1,0,1,0,0,5,"sa3076452"
"Andey Garrido","STL","DSL",19,0,0,45,2,0,0,0,0,0,0,1,8,3,5,5,0,1,0,2,1,0,1,"sa3076453"
"Keiver De Horta","OAK","DSL",19,0,0,0,2,0,0,0,0,0,0,2.1,12,2,2,0,0,3,0,0,2,0,1,"sa3076454"
"Luis Contreras","OAK","DSL",19,1,1,2.700002768042541,2,0,0,0,0,1,0,3.1,13,1,2,1,0,1,0,0,0,0,4,"sa3076455"
"Juan Santillan","STL","DSL",19,1,0,0,2,0,0,0,0,0,0,3.1,12,0,0,0,0,1,0,1,1,0,4,"sa3076456"
"Isaac De La Cruz","NYM","DSL",18,1,0,15.428594024847,1,0,0,0,0,0,0,2.1,14,2,4,4,0,2,0,3,0,0,2,"sa3076457"
"Enrique Quintana","PIT","DSL",18,0,1,10.124987024830519,2,0,0,0,0,1,0,2.2,16,4,3,3,0,3,0,2,1,0,2,"sa3076458"
"Yerison Mendez","MIA","DSL",16,0,1,6,2,0,0,0,0,0,1,3,15,3,3,2,0,2,0,0,0,0,1,"sa3076459"
"Jose Rosal","MIA","DSL",17,0,1,0,2,0,0,0,0,0,0,3,15,4,2,0,0,2,0,0,2,0,1,"sa3076460"
"Justin Batista","MIA","DSL",17,0,0,3,1,1,0,0,0,0,0,3,14,2,2,1,0,1,0,0,0,0,4,"sa3076461"
"Yilmar Samudio","PHI","DSL",17,0,0,0,1,1,0,0,0,0,0,3,9,0,0,0,0,0,0,0,0,0,6,"sa3076462"
"Rafeli Moronta","STL","DSL",16,0,1,40.500100180754515,1,0,0,0,0,1,0,1.1,12,6,6,6,2,1,0,1,0,0,1,"sa3076463"
"Jean Nino","COL","DSL",18,0,0,1.8,2,0,0,0,1,0,0,5,21,4,2,1,0,1,0,0,1,0,1,"sa3076464"
"Johander Barrios","COL","DSL",17,0,1,15,1,1,0,0,0,0,0,3,16,6,5,5,1,1,0,0,1,1,2,"sa3076465"
"Emanuel Mejia","COL","DSL",17,0,0,0,2,0,0,0,0,0,0,1.2,9,1,1,0,0,2,0,0,0,0,1,"sa3076466"
"Jesus Rojas","CLE","DSL",18,0,1,0,1,0,0,0,0,1,0,2,10,1,4,0,0,2,0,0,1,0,2,"sa3076467"
"Victor De Leon","NYY","DSL",18,1,0,0,2,1,0,0,0,0,0,3.1,17,3,2,0,0,2,0,0,0,0,5,"sa3076468"
"Anderson Carias","LAD","DSL",17,0,0,6.352937612568568,2,2,0,0,0,0,0,5.2,24,4,4,4,0,4,0,0,1,1,6,"sa3076469"
"Miguel Herrera","LAD","DSL",17,0,1,16.200016608255247,2,2,0,0,0,0,0,3.1,21,3,6,6,0,6,0,2,1,0,4,"sa3076470"
"Raudi Perez","SDP","DSL",18,0,0,8.437505029144901,3,0,0,0,0,0,0,5.1,24,4,5,5,1,4,0,2,1,0,3,"sa3076471"
"Jhoangel Marquez","NYM","DSL",19,0,0,0,1,0,0,0,0,0,0,2.1,8,2,0,0,0,1,0,0,0,0,0,"sa3076472"
"Joan Gonzalez","MIL","DSL",17,0,1,18,1,0,0,0,0,0,0,1,7,2,2,2,0,1,0,1,0,0,0,"sa3076473"
"Yoandres Valdiviezo","SDP","DSL",17,0,1,22.5,1,1,0,0,0,0,0,2,15,5,5,5,3,3,0,2,1,0,1,"sa3076474"
"Beinel Adon","CHW","DSL",17,0,0,0,2,0,0,0,0,0,0,2,8,1,0,0,0,1,0,0,0,0,4,"sa3076475"
"Edgardo Rodriguez","NYM","DSL",16,0,0,18,2,0,0,0,0,0,0,2,14,1,5,4,0,5,0,2,1,0,2,"sa3076476"
"Yordany Marte","CHW","DSL",16,0,0,2.25,1,1,0,0,0,0,0,4,16,3,1,1,0,2,0,1,0,0,2,"sa3076477"
"Yoel Zambrano","PHI","DSL",16,0,0,0,1,0,0,0,0,0,0,2,8,1,0,0,0,2,0,0,0,0,2,"sa3076478"
"Roldanny Sena","BAL","DSL",18,0,0,3.85714850621175,2,0,0,0,1,0,0,2.1,10,2,1,1,0,1,0,0,0,0,2,"sa3076479"
"Angel Adames","COL","DSL",17,0,1,34.714336555905746,2,0,0,0,0,0,0,2.1,19,8,9,9,1,4,0,1,0,0,1,"sa3076480"
"Samuel Santos","ARI","DSL",18,0,0,3.374995674943506,1,0,0,0,0,0,0,2.2,12,3,1,1,0,2,0,0,0,0,4,"sa3076481"
"Anllelo Gutierrez","LAA","DSL",17,0,0,3.374995674943506,3,0,0,0,1,0,1,2.2,12,3,1,1,0,0,0,3,2,0,3,"sa3076482"
"Luis Villamizar","DET","DSL",17,1,0,6.749991349887012,2,0,0,0,0,0,0,2.2,16,3,2,2,0,3,0,2,0,0,1,"sa3076483"
"Roberto Mendoza","TBR","DSL",19,0,0,10.800011072170165,2,0,0,0,0,0,0,3.1,18,5,4,4,0,3,0,0,0,0,0,"sa3076484"
"Jhoriel De La Rosa","CHW","DSL",19,0,0,14.72725900146881,2,0,0,0,0,0,0,3.2,18,4,7,6,0,3,0,0,0,0,4,"sa3076485"
"Ronelbi Garcia","MIA","DSL",19,0,1,11.57144551863525,3,0,0,0,0,1,0,2.1,13,2,3,3,0,4,0,0,3,0,5,"sa3076486"
"Charlis Medina","ATL","DSL",21,0,0,9.818172667645873,2,0,0,0,0,0,0,3.2,18,5,5,4,0,2,0,1,0,3,6,"sa3076487"
"Derlin Rojas","NYM","DSL",18,1,0,0,2,0,0,0,0,0,0,4.1,20,1,1,0,0,4,0,1,2,0,8,"sa3076488"
"Frank Quiroz","SFG","DSL",19,0,0,27.000066787169676,2,0,0,0,0,0,0,1.1,13,1,5,4,0,5,0,3,2,0,2,"sa3076489"
"Deyvi Almonte","ARI","DSL",18,0,0,10.124987024830519,3,0,0,0,0,0,0,2.2,15,7,3,3,0,2,0,0,4,0,3,"sa3076490"
"Mario Garcia","COL","DSL",17,1,0,3,2,0,0,0,0,0,0,3,15,2,3,1,0,2,0,1,2,0,1,"sa3076491"
"Herkyn Taveras","MIN","DSL",17,1,0,11.57144551863525,2,0,0,0,0,0,0,2.1,11,3,3,3,0,1,0,1,1,1,0,"sa3076492"
"Rafael Mejias","WSN","DSL",21,0,0,0,2,0,0,0,1,0,0,3.1,11,1,0,0,0,2,0,0,2,0,5,"sa3076493"
"Olyver Rosas","KCR","DSL",19,1,0,0,2,0,0,0,0,0,0,2.1,10,1,0,0,0,3,0,0,1,0,1,"sa3076494"
"Nestor Perez","CHW","DSL",19,0,0,81.00080869409182,1,0,0,0,0,0,0,0.1,5,3,3,3,0,1,0,0,0,0,0,"sa3076712"
"Alexander De Los Santos","CHW","DSL",17,0,0,13.500013840212706,2,0,0,0,0,0,1,3.1,21,5,5,5,0,3,0,0,4,0,2,"sa3076943"
"Luis Diaz","CHC","DSL",17,0,0,12,1,1,0,0,0,0,0,3,15,4,4,4,1,3,0,0,0,0,3,"sa3076944"
"Arnaldo Tejeda","NYM","DSL",18,0,0,20.249974049661038,1,0,0,0,0,0,0,2.2,17,6,6,6,0,3,0,1,0,0,1,"sa3076945"
"Ismael Sanchez","TBR","DSL",20,0,0,23.1428910372705,1,1,0,0,0,0,0,2.1,14,6,6,6,1,2,0,0,1,0,3,"sa3076946"
"Luis Aguayo","MIL","DSL",18,0,0,0,1,1,0,0,0,0,0,1,3,0,0,0,0,1,0,0,0,0,1,"sa3076947"
"Jefferson Lopez","PIT","DSL",20,0,0,0,2,0,0,0,0,0,1,3,10,1,0,0,0,1,0,0,0,0,3,"sa3076948"
"Albieris Polanco","SDP","DSL",20,2,0,4.5,2,0,0,0,0,0,0,4,17,3,2,2,1,0,0,1,1,0,2,"sa3076949"
"Jodarlin Perez","NYM","DSL",18,1,0,4.5,2,0,0,0,0,0,0,4,16,2,2,2,0,2,0,0,2,0,6,"sa3076950"
"Alfredo Guzman","ARI","DSL",21,0,0,6.749991349887012,2,0,0,0,0,0,0,2.2,12,2,2,2,0,3,0,0,0,0,5,"sa3076951"
"Hicter Ruiz","BOS","DSL",18,0,0,0,1,0,0,0,0,0,0,4.2,17,2,0,0,0,1,0,0,1,0,3,"sa3076952"
"Olmedo Barria","NYM","DSL",19,0,0,1.8,2,0,0,0,0,0,0,5,19,0,1,1,0,1,0,2,0,0,6,"sa3076953"
"Jorge Miranda","PHI","DSL",17,0,0,4.5,1,0,0,0,0,0,0,2,11,4,1,1,0,1,0,0,2,0,3,"sa3076954"
"Jose Tovar","PHI","DSL",17,0,0,0,1,0,0,0,0,0,0,0.1,1,0,0,0,0,0,0,0,0,0,1,"sa3076955"
"Dalvin Marte","COL","DSL",18,1,0,2.4545431669114683,2,0,0,0,0,0,0,3.2,18,1,1,1,0,4,0,2,1,0,3,"sa3076956"
"Maximin Medina","WSN","DSL",18,0,0,0,1,1,0,0,0,0,0,3,14,3,0,0,0,2,0,0,0,0,4,"sa3076957"
"Randy Soto","SDP","DSL",18,0,0,26.999946570502154,1,1,0,0,0,0,0,1.2,13,5,5,5,0,3,0,2,0,0,1,"sa3076958"
"Domingo Mejia","STL","DSL",19,1,0,5.399989314100431,2,0,0,0,0,0,0,1.2,9,1,2,1,0,3,0,0,0,0,1,"sa3076959"
"Francisco Coronado","TEX","DSL",17,0,0,36,1,0,0,0,0,0,0,0,4,1,4,4,0,2,0,1,0,0,0,"sa3076960"
"David Victorino","PHI","DSL",19,0,0,26.999946570502154,2,0,0,0,0,0,0,1.2,18,6,9,5,0,3,0,2,5,0,2,"sa3076961"
"Jean Ballesteros","TEX","DSL",18,0,0,2.4545431669114683,2,0,0,0,1,0,0,3.2,17,4,2,1,0,0,0,0,1,0,3,"sa3076962"
"Juan Ramirez","HOU","DSL",19,0,0,0,2,0,0,0,0,0,0,3.1,12,2,1,0,0,1,0,0,1,0,2,"sa3076963"
"Frandy Lora","NYM","DSL",18,0,0,9,2,0,0,0,0,0,0,2,9,1,2,2,0,2,0,0,0,0,2,"sa3076964"
"Cristopher Silvestre","BOS","DSL",17,0,1,27.000066787169676,1,1,0,0,0,0,0,1.1,11,2,4,4,0,3,0,2,0,0,2,"sa3076965"
"Christian Rojas","BAL","DSL",18,0,0,5.399989314100431,1,0,0,0,0,0,0,1.2,10,3,1,1,0,2,0,0,0,0,2,"sa3076966"
"Sammy Zarraga","DET","DSL",20,0,0,0,1,1,0,0,0,0,0,4,17,2,1,0,0,2,0,1,0,0,6,"sa3076967"
"Darlin Mejia","PIT","DSL",18,0,0,20.250050543002278,2,0,0,0,0,1,0,1.1,14,1,3,3,0,9,0,1,3,0,1,"sa3076968"
"Michael Castillo","PIT","DSL",21,0,0,0,2,0,0,0,0,0,0,2,16,1,3,0,0,6,0,0,2,0,4,"sa3076969"
"Emiliano Mache","ARI","DSL",18,0,0,27,3,0,0,0,0,0,0,2,13,5,6,6,0,2,0,1,3,1,0,"sa3076970"
"Enmanuel Mena","MIN","DSL",18,0,1,18,1,1,0,0,0,0,0,1,5,2,2,2,1,0,0,0,0,0,2,"sa3076971"
"Antonio Gonzalez","CLE","DSL",18,0,0,0,1,0,0,0,0,0,0,1.2,7,1,0,0,0,2,0,0,0,0,2,"sa3076972"
"Deiker Rojas","CLE","DSL",20,0,1,9,1,0,0,0,0,0,0,2,10,2,2,2,0,1,0,1,0,0,0,"sa3076973"
"Amin Ramirez","WSN","DSL",19,0,1,10.800011072170165,2,0,0,0,0,1,0,3.1,18,5,4,4,0,3,0,0,1,0,1,"sa3076974"
"Elian Guzman","TOR","DSL",18,1,0,4.5,1,0,0,0,0,1,0,2,9,1,1,1,0,2,0,0,1,0,4,"sa3076975"
"Ruben Torres","CHC","DSL",19,0,0,40.499796019031784,1,0,0,0,0,0,0,0.2,7,0,3,3,0,5,0,0,3,0,1,"sa3076976"
"Adrian Rumardo","KCR","DSL",19,1,0,0,2,0,0,0,0,0,0,3.1,11,1,0,0,0,0,0,0,1,0,5,"sa3076977"
"Esmerbin Guerrero","CHC","DSL",18,1,0,13.5,1,0,0,0,0,0,0,2,9,1,3,3,0,3,0,1,2,0,2,"sa3076978"
"Cristian Ron","HOU","DSL",19,2,0,0,2,0,0,0,0,0,0,3.2,11,0,0,0,0,1,0,0,0,0,4,"sa3076979"
"Wilmer Duarte","MIL","DSL",18,0,0,13.499982699774025,1,0,0,0,0,0,0,2.2,16,3,5,4,0,4,0,1,0,0,2,"sa3076980"
"Joel Jimenez","HOU","DSL",18,0,0,45,1,0,0,0,0,0,0,1,10,3,5,5,0,4,0,0,0,0,1,"sa3076981"
"Dioscaride Sarit","SDP","DSL",17,0,1,27,2,0,0,0,0,0,0,2,18,5,8,6,1,6,0,0,6,2,5,"sa3076982"
"Dennison Rodriguez","PIT","DSL",17,0,1,7.363629500734405,2,0,0,0,0,1,0,3.2,16,4,4,3,0,2,0,0,1,0,3,"sa3076983"
"Wensloby Jhon","OAK","DSL",18,0,0,10.124987024830519,2,0,0,0,0,1,0,2.2,16,3,5,3,1,5,0,0,2,0,0,"sa3076984"
"Yenderberth Rivas","COL","DSL",17,0,0,11.57144551863525,2,0,0,0,0,0,0,2.1,12,2,3,3,0,3,0,1,0,1,3,"sa3076985"
"Pietro Albanez-Rienzo","PIT","DSL",18,0,0,2.25,1,1,0,0,0,0,0,4,16,4,1,1,0,0,0,0,0,0,2,"sa3076986"
"Frelian Flores","TOR","DSL",17,0,0,0,1,0,0,0,0,0,0,0.1,1,0,0,0,0,0,0,0,0,0,0,"sa3076987"
"Adrian Moreta","TOR","DSL",17,0,0,0,1,0,0,0,0,0,0,0.2,6,0,1,0,0,2,0,1,0,0,1,"sa3076988"
"Franiel Severino","TOR","DSL",17,1,0,3,2,0,0,0,0,0,0,3,14,1,1,1,0,3,0,1,1,0,3,"sa3076989"
"Jeremy Jimenez","MIN","DSL",17,0,0,0,1,0,0,0,0,0,0,2,5,0,0,0,0,0,0,0,0,0,0,"sa3076990"
"Jordan Beltran","STL","DSL",17,0,0,40.499796019031784,1,0,0,0,0,0,0,0.2,7,1,3,3,0,1,0,2,1,0,0,"sa3076991"
"Juan Villamizar","COL","DSL",17,0,0,0,1,1,0,0,0,0,0,3,9,0,0,0,0,0,0,0,0,0,2,"sa3076992"
"Yeremi Mendez","COL","DSL",17,0,1,81.00080869409182,1,1,0,0,0,0,0,0.1,6,3,3,3,0,2,0,0,0,0,0,"sa3076993"
"Miguel Vargas","COL","DSL",17,0,0,0,1,0,0,0,0,0,0,1.2,7,1,2,0,0,2,0,1,0,0,0,"sa3076994"
"Sebastian Rivas","NYY","DSL",17,0,0,0,1,1,0,0,0,0,0,2,6,0,0,0,0,0,0,0,0,0,4,"sa3076995"
"Garvell Pinales","KCR","DSL",17,1,0,0,1,0,0,0,0,0,0,2,9,3,0,0,0,0,0,1,0,0,0,"sa3076996"
"Javier Martinez","STL","DSL",17,0,0,5.400005536085082,2,0,0,0,0,0,1,3.1,16,5,2,2,1,2,0,0,0,0,1,"sa3076997"
"Jesus Miranda","DET","DSL",17,1,0,0,1,0,0,0,0,0,0,1.1,7,2,0,0,0,2,0,0,0,1,0,"sa3076998"
"Brandon Rodriguez","NYY","DSL",19,0,0,26.999946570502154,2,0,0,0,0,0,0,1.2,11,3,5,5,2,3,0,0,1,0,2,"sa3076999"
"Marcos Veras","MIL","DSL",17,0,0,9,1,1,0,0,0,0,0,3,16,4,3,3,0,2,0,1,0,0,4,"sa3077000"
"Luis Martinez","CHC","DSL",19,0,0,0,1,1,0,0,0,0,0,3,10,1,0,0,0,2,0,0,0,0,2,"sa3077001"
"Jefferson Timaure","CHW","DSL",17,0,0,4.5,1,0,0,0,0,0,0,2,10,2,1,1,0,3,0,0,1,0,1,"sa3077002"
"Jordy Brache","MIL","DSL",16,0,1,32.399935884602584,1,0,0,0,0,0,0,1.2,14,7,6,6,0,2,0,1,2,0,1,"sa3077003"
"Jose Romero","PHI","DSL",17,0,0,0,2,0,0,0,1,0,0,3,10,1,0,0,0,0,0,0,0,0,3,"sa3077004"
"Isaac Mendez","ARI","DSL",20,1,0,7.7142970124235,2,0,0,0,0,0,0,2.1,11,3,2,2,0,2,0,0,1,1,3,"sa3077005"
"Luis Mirabal","PHI","DSL",18,0,0,0,1,1,0,0,0,0,0,3,10,0,0,0,0,0,0,0,0,0,4,"sa3077006"
"Erlyn Lauriano","CHW","DSL",17,0,0,2.4545431669114683,2,0,0,0,0,0,1,3.2,18,4,2,1,0,1,0,1,3,0,4,"sa3077007"
"Ronald Kelly","CHW","DSL",17,0,0,16.199967942301292,1,1,0,0,0,0,0,1.2,12,5,3,3,1,2,0,0,0,0,1,"sa3077008"
"Felipe Alcazar","TBR","DSL",17,1,0,10.800011072170165,2,0,0,0,0,0,0,3.1,16,2,5,4,0,5,0,0,2,1,5,"sa3077009"
"Christopher Green","COL","DSL",17,0,0,3,2,0,0,0,0,0,0,3,17,5,2,1,0,0,0,2,0,0,2,"sa3077010"
"Jeyver Manaure","ARI","DSL",19,0,0,0,1,1,0,0,0,0,0,4,12,1,0,0,0,0,0,0,0,0,5,"sa3077011"
"D'wichi Ramirez","PHI","DSL",17,1,0,0,2,0,0,0,0,0,1,3,12,3,0,0,0,1,0,0,1,0,5,"sa3077012"
"Jose Belisario","ARI","DSL",22,0,0,6.749991349887012,2,0,0,0,0,0,0,2.2,14,5,2,2,0,2,0,0,0,0,1,"sa3077013"
"Johan Rengifo","SFG","DSL",17,0,0,26.999946570502154,2,1,0,0,0,0,0,1.2,14,5,5,5,0,4,0,0,3,0,1,"sa3077014"
"Luis Encarnacion","CIN","DSL",17,0,1,13.5,1,1,0,0,0,0,0,2,10,4,3,3,0,0,0,0,1,0,1,"sa3077015"
"Jerlin Madera","KCR","DSL",19,0,0,3.374995674943506,1,0,0,0,0,0,1,2.2,13,6,2,1,0,0,0,0,2,0,2,"sa3077016"
"Carlos Martinez","SEA","DSL",19,1,0,3.374995674943506,2,0,0,0,0,0,1,2.2,14,1,2,1,0,2,0,2,1,1,2,"sa3077017"
"German Arvayo","SEA","DSL",19,1,0,2.0769246005458837,2,0,0,0,1,1,0,4.1,21,5,2,1,0,1,0,1,0,0,5,"sa3077018"
"Roberto Geraldo","BAL","DSL",17,2,0,0,2,0,0,0,0,1,0,4,19,2,0,0,0,3,0,2,0,0,4,"sa3077019"
"Kelvin Herrera","HOU","DSL",18,0,1,54.00053912939454,1,0,0,0,0,1,0,0.1,4,1,2,2,0,2,0,0,1,1,1,"sa3077020"
"Yosangel Braffit","MIN","DSL",18,0,0,6,1,0,0,0,0,0,0,3,17,3,2,2,1,6,0,0,3,0,1,"sa3077021"
"Jehiber Fernandez","TEX","DSL",17,0,0,20.250050090377258,1,0,0,0,0,0,0,1.1,8,3,3,3,1,1,0,1,0,0,2,"sa3077022"
"Manuel Gamez","TEX","DSL",17,0,0,0,2,0,0,0,0,0,0,3.2,13,1,0,0,0,1,0,1,0,1,3,"sa3077023"
"Christopher Romero","CHW","DSL",17,0,0,53.99972802537572,2,0,0,0,0,0,0,0.2,7,4,4,4,0,1,0,0,0,0,0,"sa3077024"
"Jeyson Bautista","TEX","DSL",19,1,0,4.909086333822937,2,0,0,0,0,1,0,3.2,22,4,7,2,0,4,0,1,0,0,2,"sa3077025"
"Dalvin Taveras","NYY","DSL",18,0,0,6.749991349887012,1,0,0,0,0,0,0,2.2,15,4,6,2,0,3,0,0,0,0,5,"sa3077026"
"Angel Rodriguez","LAD","DSL",21,0,0,13.49993200634393,1,0,0,0,0,0,0,0.2,6,1,2,1,0,2,0,0,2,0,1,"sa3077027"
"Cesar Mora","KCR","DSL",19,0,0,3,2,0,0,0,1,0,0,3,11,1,1,1,0,1,0,0,2,0,2,"sa3077028"
"Luis Acevedo","MIA","DSL",17,1,1,16.87497837471753,2,0,0,0,0,0,0,2.2,14,3,6,5,1,3,0,1,4,0,1,"sa3077029"
"Josbel Torrez","NYM","DSL",19,0,0,0,1,0,0,0,0,0,0,2,8,1,0,0,0,0,0,1,1,0,3,"sa3077030"
"Santiago Guerrero","SFG","DSL",18,0,0,0,1,1,0,0,0,0,0,3,14,3,0,0,0,2,0,0,2,0,3,"sa3077031"
"Michael Moreno","LAA","DSL",17,1,0,53.99972802537572,2,0,0,0,0,0,0,0.2,10,3,7,4,1,4,0,0,0,0,1,"sa3077032"
"Braylin Moreno","WSN","DSL",20,0,0,6.749991349887012,2,0,0,0,0,0,0,2.2,16,1,3,2,0,5,0,2,1,1,4,"sa3077033"
"Oscar Borges","PIT","DSL",17,0,0,0,1,0,0,0,0,1,0,2,8,0,1,0,0,0,0,1,0,0,1,"sa3077048"
"Luis Palencia","CHC","DSL",18,0,1,0,1,0,0,0,0,0,0,0,1,1,1,0,0,0,0,0,0,0,0,"sa3077058"
"Martires Polanco","ATL","DSL",19,0,0,0,1,1,0,0,0,0,0,4,15,1,1,0,0,3,0,0,0,0,7,"sa3077201"
"Frederi Altagracia","HOU","DSL",18,1,0,0,1,0,0,0,0,0,0,4,15,3,0,0,0,0,0,2,0,0,5,"sa3077202"
"Yeuri Ramirez","DET","DSL",19,0,1,11.57144551863525,1,1,0,0,0,0,0,2.1,14,5,6,3,0,3,0,2,0,1,1,"sa3077204"
"Fenuel James","CHC","DSL",23,0,0,13.5,1,0,0,0,0,0,0,2,14,3,4,3,1,4,0,0,0,0,2,"sa3077205"
"Evington Gascon","TOR","DSL",17,0,0,0,1,1,0,0,0,0,0,3,12,2,0,0,0,2,0,0,1,0,3,"sa3077206"
"Manuel Parra","TOR","DSL",19,0,1,21.599957256401723,1,0,0,0,0,0,0,1.2,12,4,5,4,0,2,0,0,0,0,2,"sa3077207"
"Oswal Hernandez","CHC","DSL",16,1,0,2.454543246712582,2,0,0,0,0,0,0,3.2,15,2,1,1,0,4,0,0,0,0,3,"sa3077208"
"Jhosued Marcano","CHC","DSL",17,0,0,0,1,1,0,0,0,0,0,3,11,1,0,0,0,1,0,0,0,0,5,"sa3077209"
"Victor De La Cruz","LAA","DSL",18,0,0,0,2,1,0,0,1,0,0,3.2,11,1,0,0,0,1,0,0,0,0,4,"sa3077210"
"Josue Castro","ATL","DSL",17,0,0,0,2,0,0,0,0,0,0,2.1,10,0,0,0,0,4,0,0,0,0,0,"sa3077211"
"Yanixan Resendiz","MIA","DSL",17,0,0,0,2,0,0,0,0,0,0,3,10,0,0,0,0,0,0,0,0,0,4,"sa3077212"
"Tomoya Kinjo","TOR","DSL",23,0,0,18,2,0,0,0,0,0,0,2,13,2,4,4,0,4,0,0,3,1,0,"sa3077213"
"Santiago De Freitas","DET","DSL",17,0,0,9,2,0,0,0,0,0,0,3,15,5,3,3,0,2,0,0,0,0,2,"sa3077214"
"Luis Espinoza","MIA","DSL",18,0,0,6,1,1,0,0,0,0,0,3,13,4,2,2,0,1,0,0,0,0,6,"sa3077215"
"Alejandro Martinez","COL","DSL",17,0,0,0,1,0,0,0,0,0,0,1,3,0,0,0,0,0,0,0,0,0,0,"sa3077232"
"Jabes Martinez","PIT","DSL",19,0,0,6,1,1,0,0,0,0,0,3,14,2,2,2,0,4,0,0,0,0,2,"sa3077233"
"Felix Bello","COL","DSL",19,0,0,18,1,0,0,0,0,0,0,1,6,2,2,2,1,1,0,0,0,0,0,"sa3077234"
"Baldwin Moreno","CIN","DSL",18,1,0,4.5,1,0,0,0,0,0,0,2,10,3,1,1,0,2,0,0,0,0,3,"sa3077235"
"Raibel Reyes","TBR","DSL",17,0,0,21.599957256401723,2,0,0,0,0,0,0,1.2,11,4,4,4,0,3,0,0,2,0,1,"sa3077236"
"Samuel Ortiz","PHI","DSL",17,0,0,9,1,1,0,0,0,0,0,3,17,5,4,3,0,3,0,1,0,0,4,"sa3077237"
"Juan Cordero","KCR","DSL",20,0,0,67.49966003171964,1,0,0,0,0,0,0,0.2,8,4,5,5,1,1,0,1,1,0,1,"sa3077238"
"Danny Sanchez","KCR","DSL",17,0,0,16.199967942301292,1,0,0,0,0,0,0,1.2,9,3,3,3,0,1,0,1,1,0,1,"sa3077239"
"Ramon Pena","MIA","DSL",17,0,0,3.85714850621175,1,0,0,0,0,0,0,2.1,10,4,1,1,0,0,0,1,0,0,0,"sa3077240"
"Nehemias Valdez","LAD","DSL",19,0,0,6.750016696792419,2,0,0,0,1,0,0,1.1,6,1,1,1,0,1,0,0,0,0,1,"sa3077241"
"Fernando Hernandez","MIN","DSL",19,0,1,9,1,1,0,0,0,0,0,1,5,1,1,1,0,1,0,0,1,0,1,"sa3077242"
"Alam Soriano","MIN","DSL",19,0,0,37.799925198703015,1,0,0,0,0,0,0,1.2,13,3,7,7,1,4,0,1,1,1,3,"sa3077243"
"Noel Brito","HOU","DSL",18,0,0,2.25,1,1,0,0,0,0,0,4,14,3,1,1,0,0,0,0,1,1,1,"sa3077244"
"Alsy Torres","NYM","DSL",18,1,0,0,1,0,0,0,0,0,0,1.1,5,1,0,0,0,0,0,0,0,0,2,"sa3077245"
"Jose Navarrete","CIN","DSL",18,0,0,3,1,1,0,0,0,0,0,3,12,2,1,1,0,1,0,0,1,0,3,"sa3077246"
"Carlos Lara","TEX","DSL",18,0,0,0,1,1,0,0,0,0,0,3,11,1,0,0,0,0,0,0,0,0,3,"sa3077247"
"Mauricio Flores","TBR","DSL",18,0,0,18,1,0,0,0,0,0,0,1,7,3,2,2,1,1,0,0,3,0,1,"sa3077248"
"Gabriel Fuentes","BAL","DSL",21,0,0,0,1,1,0,0,0,0,0,2,12,3,1,0,0,3,0,0,1,2,0,"sa3077249"
"Micheal Morfe","LAD","DSL",17,1,0,0,1,0,0,0,0,0,0,2,7,0,0,0,0,1,0,1,0,0,1,"sa3077250"
"Cristopher Hernandez","NYM","DSL",18,0,0,13.49993200634393,1,0,0,0,0,0,0,0.2,5,0,1,1,0,2,0,1,2,0,0,"sa3077251"
"Angel Medina","LAD","DSL",18,0,0,6,1,1,0,0,0,0,0,3,13,1,3,2,0,4,0,2,0,0,1,"sa3077252"
"Dahel Lopez","HOU","DSL",19,1,0,0,1,0,0,0,0,0,0,3,14,1,0,0,0,3,0,1,0,1,4,"sa3077253"
"Yoenis Morales","TOR","DSL",22,0,0,6,1,1,0,0,0,0,0,3,15,3,2,2,0,3,0,0,5,0,3,"sa3077254"
"Tom Apfelbaum","LAD","DSL",17,0,1,9,1,1,0,0,0,0,0,2,9,2,2,2,0,1,0,0,0,0,1,"sa3077255"
"Fredery Solano","PIT","DSL",17,0,0,13.500033393584838,1,0,0,0,0,0,0,1.1,7,0,2,2,0,3,0,0,1,0,3,"sa3077256"
"Luis Delgado","CIN","DSL",17,0,0,0,1,1,0,0,0,0,0,2,8,0,0,0,0,2,0,0,0,0,1,"sa3077257"
"Alexandre Moreti","PHI","DSL",19,0,0,27.000066787169676,1,0,0,0,0,0,0,1.1,11,4,4,4,1,1,0,2,0,0,0,"sa3077258"
"Isaac Brujan","BOS","DSL",18,0,0,0,1,1,0,0,0,0,0,4.2,17,1,0,0,0,1,0,1,0,1,5,"sa3077259"
"Juan Germosen","MIN","DSL",17,0,0,20.250050090377258,1,0,0,0,0,0,0,1.1,10,1,3,3,0,5,0,1,1,0,1,"sa3077261"
"Diland Cepeda","ARI","DSL",17,0,1,31.5,1,1,0,0,0,0,0,2,14,4,7,7,0,2,0,2,1,0,3,"sa3077262"
"Janiel Hernandez","KCR","DSL",18,0,0,20.250050090377258,1,0,0,0,0,0,0,1.1,9,1,3,3,0,4,0,0,1,0,1,"sa3077263"
"Frankeurys Marte","KCR","DSL",17,1,0,0,1,0,0,0,0,0,0,1.1,5,0,0,0,0,1,0,0,0,0,1,"sa3077264"
"Miguel Andrade","MIL","DSL",18,0,0,8.100008304127623,1,0,0,0,0,0,0,3.1,16,4,4,3,1,2,0,1,0,0,3,"sa3077265"
"Alejandro Beltran","KCR","DSL",17,0,0,9,1,0,0,0,1,0,0,1,4,1,1,1,1,0,0,0,0,0,0,"sa3077266"
"Angel Salazar","NYY","DSL",19,0,0,9,1,0,0,0,0,0,0,2,10,4,2,2,0,0,0,0,0,0,2,"sa3077267"
"Anderson Encarnacion","LAA","DSL",17,1,0,0,1,0,0,0,0,0,0,2,9,3,2,0,0,0,0,0,1,0,2,"sa3077268"
"Yamel Pinto","CHC","DSL",18,0,0,11.57144551863525,1,0,0,0,0,0,0,2.1,10,2,3,3,1,3,0,0,1,0,0,"sa3077269"
"Cristian Dudamel","NYM","DSL",19,0,0,0,1,0,0,0,0,0,1,1.2,8,0,0,0,0,2,0,1,1,0,3,"sa3077270"
"Roderic Ramirez","CHW","DSL",17,0,0,3,1,1,0,0,0,0,0,3,15,3,1,1,0,3,0,0,0,1,1,"sa3077271"
"Emmanuel Hernandez","TBR","DSL",17,0,1,6,1,1,0,0,0,0,0,3,14,4,2,2,1,1,0,0,0,0,5,"sa3077272"
"Rafael Torres","SDP","DSL",17,0,1,3.85714850621175,1,1,0,0,0,0,0,2.1,13,1,2,1,0,5,0,0,3,1,4,"sa3077273"
"Christopher Navas","WSN","DSL",17,0,0,0,1,0,0,0,0,0,0,1,4,0,0,0,0,1,0,0,0,0,1,"sa3077274"
"Diego Ramirez","ATL","DSL",17,0,0,0,1,0,0,0,0,0,0,3,13,3,0,0,0,1,0,0,0,0,4,"sa3077275"
"Miguel Molina","PIT","DSL",16,0,0,0,1,0,0,0,0,0,0,0,1,0,0,0,0,1,0,0,2,0,0,"sa3077276"
"Sebastian Gomez","NYM","DSL",17,0,0,0,1,0,0,0,0,0,0,3.1,10,0,0,0,0,1,0,0,0,1,3,"sa3077277"
"Eliecer Zambrano","LAD","DSL",17,0,0,0,1,0,0,0,0,0,0,1,3,0,0,0,0,0,0,0,0,0,0,"sa3077278"
"Anderson Venero","CIN","DSL",17,0,0,9,1,0,0,0,0,0,0,2,9,3,2,2,1,0,0,0,0,0,0,"sa3077279"
"Adan Vallenilla","SEA","DSL",20,0,0,4.5,1,1,0,0,0,0,0,2,10,3,2,1,0,0,0,0,2,0,3,"sa3077280"
"Jesus Febles","DET","DSL",21,0,1,45,1,1,0,0,0,0,0,1,9,0,5,5,0,5,0,1,2,0,2,"sa3077281"
"Justin Suero","TBR","DSL",17,0,0,0,1,0,0,0,0,0,0,2,8,0,0,0,0,2,0,0,1,0,1,"sa3077282"
"Alberto Gomez","SFG","DSL",18,0,0,0,1,0,0,0,0,0,0,3,11,0,0,0,0,1,0,0,0,0,2,"sa3077283"
"Ronaldson Estevez","PHI","DSL",18,1,0,0,1,0,0,0,0,0,0,1,3,0,0,0,0,0,0,0,0,0,1,"sa3077284"
"Jostin Alcantara","TEX","DSL",19,1,0,0,1,0,0,0,0,0,0,4,14,1,0,0,0,1,0,0,0,0,3,"sa3077285"
"Angel Brito","HOU","DSL",18,0,0,9,1,1,0,0,0,0,0,2,11,1,2,2,0,4,0,0,0,0,1,"sa3077286"
"Angel Alcantara","HOU","DSL",19,0,1,2.25,1,0,0,0,0,0,0,4,16,3,2,1,0,1,0,0,0,0,0,"sa3077287"
"Jefrey Gonzalez","DET","DSL",18,0,0,10.799978628200861,2,0,0,0,0,0,0,1.2,11,2,3,2,0,4,0,0,3,0,2,"sa3077288"
"Emanuel Jimenez","BOS","DSL",19,0,0,0,1,1,0,0,0,0,0,3.1,14,2,0,0,0,3,0,0,1,0,6,"sa3077289"
"Maicol Santana","SFG","DSL",18,0,1,135.00134782348636,1,0,0,0,0,1,0,0.1,6,3,5,5,0,2,0,0,0,0,0,"sa3077290"
"Dylan Lozada","CHC","DSL",18,0,0,27,1,0,0,0,0,0,0,0,3,0,3,3,0,3,0,0,0,0,0,"sa3077291"
"Omar Gonzalez","DET","DSL",18,0,0,36,1,0,0,0,0,0,0,1,7,1,4,4,0,2,0,1,0,1,1,"sa3077292"
"Jose Cedeno","CLE","DSL",17,0,0,13.500013840212706,1,0,0,0,0,0,0,3.1,17,7,5,5,0,1,0,0,0,1,0,"sa3077293"
"Juan Perez","TEX","DSL",20,1,0,9,1,0,0,0,0,0,0,4,17,4,4,4,2,3,0,0,1,0,2,"sa3077294"
"Angel Perez","TBR","DSL",17,0,0,13.49993200634393,1,0,0,0,0,0,0,0.2,5,0,1,1,0,2,0,1,0,0,0,"sa3077295"
"Leonil De Leon","STL","DSL",17,0,0,0,1,0,0,0,0,0,0,0,1,0,0,0,0,1,0,0,0,0,0,"sa3077296"
"Aitol Lopez","CIN","DSL",17,0,1,0,1,0,0,0,0,0,0,1.2,8,1,1,0,0,2,1,0,0,0,1,"sa3077297"
"Kenyer Navarro","TOR","DSL",17,0,0,13.5,1,0,0,0,0,0,0,2,10,3,3,3,0,1,0,0,0,1,2,"sa3077298"
"Maique Basanta","COL","DSL",18,0,0,10.799978628200861,1,1,0,0,0,0,0,1.2,11,2,2,2,0,3,0,1,0,0,0,"sa3077299"
"Andrik Linarez","TBR","DSL",19,0,0,32.399935884602584,1,0,0,0,0,1,0,1.2,14,5,7,6,0,3,0,1,1,1,0,"sa3077300"
"Enmanuel Rodriguez","BAL","DSL",19,0,0,18,1,0,0,0,0,0,0,1,7,1,3,2,0,2,0,0,0,0,1,"sa3077301"
"Robinson Martinez","TBR","DSL",18,0,0,0,1,1,0,0,0,0,0,3,10,1,0,0,0,0,0,1,0,0,4,"sa3077302"
"Francisco Perez","COL","DSL",19,0,0,0,1,0,0,0,0,0,0,1.1,9,2,1,0,0,3,0,0,0,0,1,"sa3077303"
"Hector Aguilar","ATL","DSL",18,0,1,10.799978628200861,1,1,0,0,0,0,0,1.2,11,2,6,2,0,3,0,1,2,0,1,"sa3077304"
"Yolber Mendez","KCR","DSL",18,0,0,3.85714850621175,1,0,0,0,0,0,0,2.1,12,2,1,1,1,2,0,0,0,1,2,"sa3077305"
"Yolcar Garcia","MIN","DSL",18,0,0,0,1,0,0,0,0,0,0,2,6,0,0,0,0,0,0,0,0,0,2,"sa3077306"
"Deiby Marrero","HOU","DSL",19,0,0,27.000066787169676,1,0,0,0,0,0,0,1.1,8,4,4,4,0,1,0,0,0,1,2,"sa3077307"
"Randiel Vicente","NYM","DSL",17,1,0,18,2,0,0,0,0,0,0,1,8,1,2,2,0,2,0,1,1,0,2,"sa3077308"
"Maximiliano Quezada","COL","DSL",17,1,0,4.5,1,0,0,0,0,0,0,2,8,0,1,1,0,2,0,0,0,2,1,"sa3077309"
"Brad Rodriguez","WSN","DSL",17,0,0,0,2,0,0,0,0,0,0,1.1,5,1,0,0,0,0,0,0,0,0,0,"sa3077328"
"Victor Tovar","LAD","DSL",17,0,0,0,1,0,0,0,0,0,1,1,6,0,3,0,0,2,0,1,1,0,2,"sa3077361"
"Kahley Chan","COL","DSL",17,0,0,6,1,1,0,0,0,0,0,3,13,4,2,2,0,0,0,0,1,0,2,"sa3077362"
"Yunior Jerez","NYY","DSL",20,0,0,0,1,0,0,0,0,0,0,5,16,0,0,0,0,0,0,1,0,0,7,"sa3077363"
"Marcos Reynoso","BAL","DSL",21,0,0,20.250050090377258,1,0,0,0,0,0,0,1.1,9,0,3,3,0,5,0,0,0,0,3,"sa3077364"
"Fayon Dumorne","TOR","DSL",20,0,0,10.799978628200861,1,0,0,0,0,0,0,1.2,7,1,2,2,1,2,0,0,0,0,1,"sa3077365"
"Alexander Mercedes","MIL","DSL",17,0,1,7.363629500734405,1,1,0,0,0,0,0,3.2,18,5,3,3,0,2,0,0,2,0,3,"sa3077366"
"Emanuel Jimenez","BOS","DSL",19,0,0,0,1,1,0,0,0,0,0,3.1,14,2,0,0,0,3,0,0,1,0,6,"sa3077367"
"Efren Alvarez","STL","DSL",18,0,0,4.909086333822937,1,1,0,0,0,0,0,3.2,15,4,2,2,1,3,0,0,0,0,3,"sa3077368"
"Alex Lamu","TEX","DSL",18,0,0,0,1,1,0,0,0,0,0,3,11,0,0,0,0,2,0,0,0,0,2,"sa3077369"
"Justin Burgos","PHI","DSL",17,0,0,6,1,1,0,0,0,0,0,3,17,5,2,2,0,2,0,1,0,0,2,"sa3077370"
"Sebastian Castillo","NYY","DSL",19,0,0,6,1,1,0,0,0,0,0,3,13,4,2,2,0,2,0,0,1,0,3,"sa3077371"
"Scarling Sterling","BAL","DSL",18,0,0,54.00053912939454,1,0,0,0,0,0,0,0.1,6,1,2,2,0,4,0,0,0,1,0,"sa3077372"
"Geferlyn Avelino","LAD","DSL",19,0,0,0,1,0,0,0,0,0,0,1.1,7,1,0,0,0,2,0,0,0,0,2,"sa3077373"
"Frailyn Minier","OAK","DSL",17,0,1,36,1,0,0,0,0,1,0,0,4,2,4,4,0,2,0,0,1,0,0,"sa3077374"
"Franklin Mejia","MIA","DSL",16,0,0,40.500100180754515,1,0,0,0,0,0,0,1.1,11,5,6,6,2,2,0,0,3,0,1,"sa3077375"
"Adrianyer Lopez","HOU","DSL",18,0,1,23.1428910372705,1,1,0,0,0,0,0,2.1,14,6,6,6,0,1,0,0,2,0,4,"sa3077376"
"Randy Guzman","NYM","DSL",18,1,0,0,1,0,0,0,0,0,0,4,15,3,0,0,0,1,0,0,0,0,2,"sa3077377"
"Angel Castillo","TBR","DSL",24,0,0,0,1,1,0,0,0,0,0,1,3,0,0,0,0,0,0,0,0,0,1,"sa3077378"
"Miguel Barras","PIT","DSL",19,0,0,0,1,0,0,0,0,0,1,1,3,0,0,0,0,0,0,0,0,0,1,"sa3077379"
"Santiago Valencia","OAK","DSL",19,0,0,0,1,0,0,0,0,0,0,1,4,0,0,0,0,1,0,0,0,0,3,"sa3077380"
"Sahir De La Cruz","TOR","DSL",18,0,0,3,1,1,0,0,0,0,0,3,14,3,2,1,0,2,0,0,1,0,1,"sa3077381"
"Emilio Jimenez","STL","DSL",17,0,0,3.374995674943506,1,0,0,0,0,0,1,2.2,11,1,1,1,0,2,0,0,1,0,5,"sa3077382"
"Adrian Martinez","MIN","DSL",16,0,0,10.124987024830519,1,1,0,0,0,0,0,2.2,12,2,3,3,0,2,0,1,1,0,3,"sa3077383"
"Juan Collado","MIN","DSL",19,0,0,18,1,0,0,0,0,0,0,2,12,1,4,4,0,4,0,1,3,1,3,"sa3077384"
"Brandol Fernandez","COL","DSL",17,0,0,3,1,1,0,0,0,0,0,3,10,1,1,1,1,0,0,0,0,0,4,"sa3077385"
"Alexander Padilla","DET","DSL",17,0,0,0,1,1,0,0,0,0,0,3,13,1,0,0,0,3,0,0,0,0,5,"sa3077386"
"Matthew Luna","ATL","DSL",17,0,0,162.00161738818363,1,0,0,0,0,0,0,0.1,8,4,6,6,0,3,0,0,0,1,1,"sa3077387"
"Jean Rivero","MIL","DSL",18,0,1,0,1,0,0,0,0,0,0,1,4,0,1,0,0,1,0,0,1,0,1,"sa3077388"
"Daniel Munoz","MIL","DSL",17,0,0,13.5,1,0,0,0,0,0,0,2,16,2,6,3,1,4,0,2,1,0,3,"sa3077389"
"Kenry Alvear","LAD","DSL",18,0,0,9,1,0,0,0,0,0,0,2,11,3,2,2,0,2,0,0,0,0,1,"sa3077390"
"Santiago Lopez","CHC","DSL",17,0,1,18,1,1,0,0,0,0,0,2,14,5,4,4,0,4,0,0,1,0,2,"sa3077391"
"Angel Roa","BOS","DSL",17,0,0,9,1,1,0,0,0,0,0,3,14,2,3,3,0,3,0,0,2,0,1,"sa3077392"
"Franchel Crisostomo","CHW","DSL",17,0,1,26.999946570502154,1,1,0,0,0,0,0,1.2,11,5,5,5,0,1,0,1,0,0,2,"sa3077393"
"Yadier Concepcion","CHC","DSL",17,0,1,6,1,1,0,0,0,0,0,3,15,4,2,2,0,2,0,1,2,0,1,"sa3077394"
"Harry Canedo","BOS","DSL",17,0,0,21.599957256401723,1,0,0,0,0,0,0,1.2,11,3,5,4,0,2,0,0,1,0,1,"sa3077395"
"Yojansy Perez","SDP","DSL",18,0,0,2.25,1,1,0,0,0,0,0,4,18,5,2,1,0,0,0,0,0,0,3,"sa3077396"
"Derek Torres","ATL","DSL",17,0,1,26.99986401268786,1,1,0,0,0,0,0,0.2,6,0,2,2,0,5,0,0,2,1,0,"sa3077397"
"Yunior Canario","NYM","DSL",17,0,1,36,1,0,0,0,0,0,0,1,12,4,7,4,1,3,0,1,0,0,0,"sa3077398"
"Aldemaro Sevilla","WSN","DSL",17,0,1,27,1,0,0,0,0,0,0,2,14,1,6,6,1,6,0,1,3,0,1,"sa3077399"
"Evan Da Souza","MIA","DSL",16,0,0,0,1,1,0,0,0,0,0,2,11,3,1,0,0,2,0,0,0,0,4,"sa3077400"
"Mingxuan Zhang","PIT","DSL",18,0,0,13.500033393584838,1,0,0,0,0,0,1,1.1,8,1,2,2,0,3,0,0,1,0,2,"sa3077401"
"William Perez","HOU","DSL",19,0,0,0,1,0,0,0,0,0,0,0.2,4,1,0,0,0,1,0,0,3,1,0,"sa3077402"
"Higor Requena","NYY","DSL",18,1,0,0,1,0,0,0,0,0,0,2.2,14,4,4,0,0,2,0,0,2,0,5,"sa3077403"
"Luis Garces","KCR","DSL",17,0,0,3,1,1,0,0,0,0,0,3,13,3,1,1,0,2,0,0,0,0,1,"sa3077404"
"Antony Constanza","HOU","DSL",17,0,0,4.5,1,0,0,0,0,0,0,4,16,3,2,2,0,1,0,0,0,0,3,"sa3077405"
"Francisco Mercedes","PHI","DSL",16,0,0,3.85714850621175,1,0,0,0,0,1,0,2.1,12,2,3,1,0,3,0,0,1,1,1,"sa3077406"
"Jesus Lopez","BOS","DSL",17,0,0,0,1,1,0,0,0,0,0,3,11,1,0,0,0,3,0,0,0,0,3,"sa3077407"
"Jose Uribe","DET","DSL",19,0,0,13.49993200634393,1,0,0,0,0,0,0,0.2,6,0,1,1,0,3,0,1,2,0,0,"sa3077408"
"Wandelin Garcia","PHI","DSL",17,1,0,0,1,0,0,0,0,0,0,1.2,7,1,0,0,0,1,0,0,0,0,1,"sa3077409"
"Cesar Pastrano","HOU","DSL",18,0,0,0,1,0,0,0,0,0,0,2.2,11,3,0,0,0,1,0,0,0,0,4,"sa3077410"
"Argenis Granado","TEX","DSL",19,1,0,6,1,0,0,0,0,0,0,3,17,1,4,2,0,3,0,2,3,0,5,"sa3077411"
"Diego Bohorquez","MIA","DSL",19,0,0,22.5,1,0,0,0,0,0,0,2,13,4,5,5,0,2,0,2,2,0,3,"sa3077412"
"Eliezel Marte","LAD","DSL",17,0,0,13.49993200634393,1,0,0,0,0,0,0,0.2,5,0,1,1,0,2,0,1,0,0,0,"sa3077413"
"Juan Medina","TEX","DSL",19,0,0,5.400005536085082,1,1,0,0,0,0,0,3.1,15,2,5,2,1,1,0,0,0,0,3,"sa3077414"
"Wilfry Michel","PHI","DSL",18,0,0,4.5,1,0,0,0,0,0,0,2,9,3,1,1,1,1,0,1,0,0,1,"sa3077415"
"Heriberto Ron","ARI","DSL",19,0,1,9,1,1,0,0,0,0,0,4,20,5,4,4,0,2,0,1,2,0,3,"sa3077416"
"Keury De Jesus","CIN","DSL",18,0,0,13.500033393584838,1,0,0,0,0,0,0,1.1,8,2,2,2,0,2,0,0,2,0,1,"sa3077417"
"Jesus Colmenarez","CLE","DSL",18,0,0,40.500100180754515,1,0,0,0,0,0,0,1.1,10,2,6,6,0,4,0,0,1,0,3,"sa3077418"
"Alvin De Leon","CHC","DSL",18,0,0,0,1,0,0,0,0,0,0,2,6,0,0,0,0,0,0,0,0,0,4,"sa3077419"
"Yadier Zamora","LAD","DSL",20,0,0,13.499982699774025,1,1,0,0,0,0,0,2.2,12,4,4,4,0,2,0,0,1,0,3,"sa3077420"
"Andruw Solarte","KCR","DSL",18,1,0,27.000066787169676,1,0,0,0,0,0,0,1.1,10,5,4,4,1,1,0,0,0,0,2,"sa3077421"
"Jhon Beltre","NYY","DSL",17,0,0,10.799978628200861,1,1,0,0,0,0,0,1.2,11,1,4,2,0,4,0,0,1,1,1,"sa3077423"
"Ismanuel Rondon","LAD","DSL",19,0,0,0,1,0,0,0,1,0,0,0.1,3,1,0,0,0,1,0,0,1,0,0,"sa3077424"
"Cristian Alvino","MIN","DSL",17,0,0,0,1,0,0,0,0,0,0,1,5,2,0,0,0,0,0,0,1,0,0,"sa3077425"
"Carlos Olivo","TOR","DSL",19,0,0,0,1,1,0,0,0,0,0,1,3,0,0,0,0,0,0,0,0,0,2,"sa3077490"
"Cesar Navarro","ATL","DSL",17,0,0,4.5,1,1,0,0,0,0,0,4,19,4,4,2,0,1,0,0,3,0,4,"sa3077491"
"Yunior Villavicencio","BAL","DSL",18,0,0,0,1,0,0,0,0,0,0,1.2,6,1,0,0,0,0,0,1,0,0,1,"sa3077492"
"Oby Escalante","COL","DSL",18,0,0,54.00053912939454,1,0,0,0,0,0,0,0.1,5,1,3,2,0,3,0,0,0,0,0,"sa3077493"
"Benjamin Vasquez","BAL","DSL",18,0,1,81.00080869409182,1,1,0,0,0,0,0,0.1,6,1,4,3,0,3,0,1,2,0,0,"sa3077494"
"Androu Gabriel","LAD","DSL",19,0,0,0,1,0,0,0,0,0,0,1,4,0,0,0,0,1,0,0,0,0,2,"sa3077495"
"Luis Martinez","COL","DSL",17,0,0,6,1,1,0,0,0,0,0,3,15,4,3,2,0,1,0,0,0,0,1,"sa3077496"
"Cristian Rego","PHI","DSL",17,0,0,0,1,1,0,0,0,0,0,2,9,2,1,0,0,0,0,0,0,0,5,"sa3077497"
"Jose Vega","STL","DSL",17,0,0,0,1,1,0,0,0,0,0,3.1,15,2,0,0,0,2,0,1,0,0,3,"sa3077498"
"Alejandro Bustamante","MIL","DSL",18,0,0,0,1,1,0,0,0,0,0,4,14,0,0,0,0,3,0,0,0,1,4,"sa3077499"
"Victor Vizcaya","HOU","DSL",19,1,0,2.25,1,0,0,0,0,0,0,4,14,3,1,1,0,0,0,0,0,0,3,"sa3077500"
"Jareth Rayo","OAK","DSL",18,0,0,2.25,1,1,0,0,0,0,0,4,16,3,1,1,1,1,0,0,0,0,3,"sa3077501"
"Jhonaiker Castillo","CLE","DSL",18,0,0,21.599957256401723,1,1,0,0,0,0,0,1.2,10,1,4,4,0,5,0,0,1,0,1,"sa3077502"
"Jesus Vasquez","MIL","DSL",17,1,0,9,1,0,0,0,0,0,0,2,10,3,2,2,0,1,0,0,1,0,2,"sa3077503"
"Mervin Maiz","PIT","DSL",18,0,0,27.00026956469727,1,0,0,0,0,0,0,0.1,3,0,1,1,0,2,0,0,0,0,0,"sa3077504"
"Adrian Bello","MIL","DSL",17,0,0,9,1,0,0,0,0,0,0,2,12,2,4,2,0,2,0,1,2,2,0,"sa3077505"
"David Mendoza","CIN","DSL",18,0,0,4.5,1,1,0,0,0,0,0,2,10,3,1,1,0,2,0,0,1,0,1,"sa3077506"
"Rafael Quezada","COL","DSL",18,0,0,0,1,0,0,0,0,0,0,1,3,0,0,0,0,0,0,0,0,0,0,"sa3077507"
"Rickelby Ramos","SDP","DSL",17,0,0,3.374995674943506,1,1,0,0,0,0,0,2.2,12,2,1,1,0,2,0,1,0,0,2,"sa3077508"
"Ronaldo Serrano","PIT","DSL",19,0,0,26.99986401268786,1,1,0,0,0,0,0,0.2,6,1,2,2,0,3,0,0,3,0,1,"sa3077509"
"Jose Saldana","CIN","DSL",16,0,1,11.57144551863525,1,0,0,0,0,0,0,2.1,12,0,3,3,0,3,0,2,0,0,3,"sa3077510"
"Cristofer Brujan","CLE","DSL",17,0,0,4.5,1,1,0,0,0,0,0,4,17,3,3,2,0,3,0,0,1,0,2,"sa3077511"
"Antony Carela","CLE","DSL",17,1,0,0,1,0,0,0,0,0,0,3,13,3,0,0,0,3,0,0,0,0,1,"sa3077512"
"Daiverson Blanco","TBR","DSL",16,0,0,6,1,1,0,0,0,0,0,3,12,3,2,2,0,1,0,0,0,0,5,"sa3077513"
"Oscar Montero","NYM","DSL",17,0,0,135.00134782348636,1,1,0,0,0,0,0,0.1,7,2,6,5,1,3,0,1,2,2,0,"sa3077514"
"Gensil Rosario","NYM","DSL",17,0,1,13.5,1,1,0,0,0,0,0,2,13,2,4,3,0,4,0,1,0,0,1,"sa3077515"
"Sebastian Echavarria","MIN","DSL",16,0,1,45,1,1,0,0,0,0,0,1,11,2,5,5,0,3,0,2,0,1,1,"sa3077516"
"Jhon Castro","NYY","DSL",18,0,0,108.00107825878908,1,0,0,0,0,0,0,0.1,6,2,4,4,0,4,0,0,6,0,0,"sa3077517"
"Andres Perez","CLE","DSL",17,1,0,0,1,0,0,0,0,0,0,1,3,0,0,0,0,0,0,0,0,0,1,"sa3077518"
"John Rosillo","NYY","DSL",18,0,1,9,1,0,0,0,0,0,0,1,7,3,2,1,1,1,0,0,0,0,0,"sa3077519"
"Alexander Garcia","LAA","DSL",17,1,0,0,1,0,0,0,0,0,0,2,8,1,1,0,0,3,0,0,0,1,0,"sa3077520"
"Jose Serva","CHC","DSL",17,0,1,18,1,1,0,0,0,0,0,2,10,2,4,4,1,2,0,1,1,0,2,"sa3077521"
"Luciano Prince","CHC","DSL",17,0,0,3.85714850621175,1,1,0,0,0,0,0,2.1,15,4,3,1,0,3,0,0,3,0,1,"sa3077522"
"Jose Avendano","CHC","DSL",17,0,0,26.999946570502154,1,0,0,0,0,0,0,1.2,15,3,7,5,0,6,0,0,3,0,3,"sa3077523"
"Mauricio Nunez","NYM","DSL",17,0,0,0,1,0,0,0,0,0,0,1,9,1,2,0,0,3,0,0,0,1,1,"sa3077524"
"Eduardo Pina","NYM","DSL",17,0,0,9,1,0,0,0,0,0,0,1,5,2,1,1,0,0,0,0,0,0,0,"sa3077525"
"Enmanuel Rodriguez","CHW","DSL",16,0,1,19.285742531058748,1,1,0,0,0,0,0,2.1,15,2,5,5,0,7,0,0,1,0,1,"sa3077526"
"Cesar Vivanco","NYY","DSL",17,0,1,27,1,0,0,0,0,1,0,1,6,2,3,3,0,1,0,0,0,0,0,"sa3077527"
"Isaias Acosta","TEX","DSL",17,0,0,3,1,1,0,0,0,0,0,3,14,0,1,1,0,5,0,0,1,0,4,"sa3077528"
"Thomas Sveyda","HOU","DSL",19,0,0,9,1,1,0,0,0,0,0,1,9,0,2,1,0,7,0,0,1,0,1,"sa3077529"
"Albert Castillo","TEX","DSL",18,0,0,20.249974049661038,1,1,0,0,0,0,0,2.2,18,9,6,6,1,2,0,0,2,1,3,"sa3077530"
"Joseph Moschetto","BAL","DSL",16,0,0,27,1,0,0,0,0,0,1,2,15,4,6,6,0,3,0,2,1,0,1,"sa3077531"
"Cristian Alcantara","BOS","DSL",16,0,0,2.25,1,1,0,0,0,0,0,4,18,4,1,1,0,0,0,2,0,0,4,"sa3077532"
"Alexander Bertiz","DET","DSL",17,0,0,6,1,1,0,0,0,0,0,3,12,2,2,2,0,2,0,0,1,0,0,"sa3077533"
"Freddy Lopez","NYY","DSL",17,0,0,10.124987024830519,1,0,0,0,0,0,0,2.2,12,3,3,3,0,2,0,1,1,0,3,"sa3077534"
"Braillin Cordero","CIN","DSL",18,0,0,10.799978628200861,1,0,0,0,0,1,0,1.2,12,2,4,2,1,2,0,2,0,0,3,"sa3077535"
"Yorgenson Artigas","PIT","DSL",20,0,0,0,1,0,0,0,0,0,0,0.2,4,0,0,0,0,2,0,0,0,0,1,"sa3077536"
"Natali Familia","CIN","DSL",18,0,0,0,1,0,0,0,0,0,1,1,3,0,0,0,0,0,0,1,0,0,0,"sa3077537"
"Manuel Meza","MIN","DSL",19,0,0,13.5,1,0,0,0,0,0,0,2,9,2,3,3,0,2,0,0,3,0,2,"sa3077538"
"Jarol Lopez","COL","DSL",17,1,0,9,1,0,0,0,0,0,0,2,10,3,2,2,0,3,0,0,1,0,0,"sa3077539"
"Jesus Heredia","SDP","DSL",19,0,1,40.499796019031784,1,0,0,0,0,1,0,0.2,7,4,3,3,0,1,0,0,2,0,0,"sa3077540"
"Wranigher Navas","NYM","DSL",18,0,0,27,1,0,0,0,0,0,0,1,7,2,3,3,1,1,0,1,0,0,1,"sa3077541"
"Ricardo Morel","MIA","DSL",20,0,1,16.87497837471753,1,1,0,0,0,0,0,2.2,19,7,6,5,0,3,0,2,2,0,4,"sa3077542"
"Jose Taveras","CHW","DSL",18,0,0,13.49993200634393,1,0,0,0,0,0,0,0.2,5,3,1,1,0,1,0,0,0,0,0,"sa3077543"
"Kevin Colmenares","TEX","DSL",18,1,0,0,1,0,0,0,0,0,0,3.1,10,0,0,0,0,0,0,0,0,0,5,"sa3077544"